n,d,n_circuit,n_gen,cost
2,2,4,10,0.6151997692463842
2,3,4,10,0.7104076129221115
2,2,4,20,0.6482425399543976
2,3,4,20,0.702620380913173
2,2,4,30,0.6389175519917101
2,3,4,30,0.6837144095960224
2,2,4,40,0.7765521088078283
2,3,4,40,0.8152529256107439
2,2,4,50,0.718941835289429
2,3,4,50,0.6737150990694747
2,2,8,10,0.7765521088078282
2,3,8,10,0.6604744785728529
2,2,8,20,0.7214386519159343
2,3,8,20,0.6922156960478789
2,2,8,30,0.6654146516418514
2,3,8,30,0.7707669877731198
2,2,8,40,0.6443315537684436
2,3,8,40,0.713404899402167
2,2,8,50,0.5926924190328767
2,3,8,50,0.8152529256107437
2,2,16,10,0.7765521088078283
2,3,16,10,0.8156162572709386
2,2,16,20,0.6862064195818164
2,3,16,20,0.7786766523950438
2,2,16,30,0.7765521088078283
2,3,16,30,0.6610215920727894
2,2,16,40,0.6866869626353159
2,3,16,40,0.7366864746838852
2,2,16,50,0.7765521088078283
2,3,16,50,0.8152529256107437
2,2,32,10,0.7214386519159344
2,3,32,10,0.7768668773756995
2,2,32,20,0.7765521088078283
2,3,32,20,0.7913156317223328
2,2,32,30,0.7306208765509874
2,3,32,30,0.7553972133291955
2,2,32,40,0.7765521088078283
2,3,32,40,0.7502838459701218
2,2,32,50,0.6654146516418514
2,3,32,50,0.8457151410012027
3,5,4,10,0.5610561790879968
3,6,4,10,0.6870700555402953
3,7,4,10,0.725024570123136
3,8,4,10,0.7155370129072798
3,9,4,10,0.7742544815925148
3,10,4,10,0.7845348916884609
3,11,4,10,0.8541591161939058
3,12,4,10,0.8589876911031542
3,13,4,10,0.8134515338802915
3,14,4,10,0.9014313945492224
3,5,4,20,0.4433468328218211
3,6,4,20,0.6830078107097058
3,7,4,20,0.7529005200329661
3,8,4,20,0.8149669063775564
3,9,4,20,0.7869859798986938
3,10,4,20,0.8133920876595881
3,11,4,20,0.7986495366657668
3,12,4,20,0.8060287955555088
3,13,4,20,0.869255334148175
3,14,4,20,0.9045967157385048
3,5,4,30,0.6193476387535839
3,6,4,30,0.7018875649056506
3,7,4,30,0.6510692819078161
3,8,4,30,0.6247144663175253
3,9,4,30,0.7676378386594307
3,10,4,30,0.7525363224093413
3,11,4,30,0.8073812090981336
3,12,4,30,0.8281521149327885
3,13,4,30,0.864456230699506
3,14,4,30,0.8067601275678908
3,5,4,40,0.5820599411140693
3,6,4,40,0.6693385104275033
3,7,4,40,0.6403588182653938
3,8,4,40,0.6802294423222224
3,9,4,40,0.7518657502781154
3,10,4,40,0.7724204228147291
3,11,4,40,0.8048696857397173
3,12,4,40,0.8506566263760307
3,13,4,40,0.8919553791055375
3,14,4,40,0.921431808169232
3,5,4,50,0.5562608800654918
3,6,4,50,0.6895641091926332
3,7,4,50,0.68457614640514
3,8,4,50,0.7745747584407375
3,9,4,50,0.6256354747487183
3,10,4,50,0.8072776675727491
3,11,4,50,0.7924435297914914
3,12,4,50,0.8491323795013956
3,13,4,50,0.875991619944851
3,14,4,50,0.8501429263151461
3,5,8,10,0.6346581608084044
3,6,8,10,0.6560829238813966
3,7,8,10,0.688289750250585
3,8,8,10,0.762138496887441
3,9,8,10,0.7338201962093615
3,10,8,10,0.8333516739731008
3,11,8,10,0.8878790201021072
3,12,8,10,0.8590239542071665
3,13,8,10,0.9030712514230764
3,14,8,10,0.9116223072497156
3,5,8,20,0.631515056470068
3,6,8,20,0.6560507682811967
3,7,8,20,0.698703846149125
3,8,8,20,0.718043065461364
3,9,8,20,0.8221738130190893
3,10,8,20,0.7836347306748394
3,11,8,20,0.8793082772347155
3,12,8,20,0.8658184903797836
3,13,8,20,0.8709113527459167
3,14,8,20,0.8814232222905309
3,5,8,30,0.6651052282576693
3,6,8,30,0.645441830070102
3,7,8,30,0.7730093587617703
3,8,8,30,0.7798218768010254
3,9,8,30,0.7172226904097628
3,10,8,30,0.8118486310474449
3,11,8,30,0.8315772051568991
3,12,8,30,0.8512150980370168
3,13,8,30,0.9191544733235488
3,14,8,30,0.9094967053365997
3,5,8,40,0.6578771338650131
3,6,8,40,0.646380731807086
3,7,8,40,0.680436999775313
3,8,8,40,0.7727680759799651
3,9,8,40,0.7609183871705419
3,10,8,40,0.8287235218617495
3,11,8,40,0.8229949887787849
3,12,8,40,0.8242540887905816
3,13,8,40,0.8993226990111192
3,14,8,40,0.8814078947975542
3,5,8,50,0.6844271758770184
3,6,8,50,0.6461257685424405
3,7,8,50,0.6704281016400281
3,8,8,50,0.7928827326787584
3,9,8,50,0.7577676819046593
3,10,8,50,0.791963022127453
3,11,8,50,0.8003266150032655
3,12,8,50,0.8986445242960004
3,13,8,50,0.9308883191837988
3,14,8,50,0.9041382228982158
3,5,16,10,0.6617295493807902
3,6,16,10,0.7806966018833775
3,7,16,10,0.7728799867036106
3,8,16,10,0.7532660148813062
3,9,16,10,0.7702182218439668
3,10,16,10,0.8873724410361813
3,11,16,10,0.8569771621958724
3,12,16,10,0.8186995920961374
3,13,16,10,0.8865335465071673
3,14,16,10,0.9027109986266456
3,5,16,20,0.6759547639098036
3,6,16,20,0.6539116559346294
3,7,16,20,0.6952251426957249
3,8,16,20,0.8097435354284934
3,9,16,20,0.8058107401760148
3,10,16,20,0.852052131987716
3,11,16,20,0.8539992623431694
3,12,16,20,0.8783440277103922
3,13,16,20,0.855701418982284
3,14,16,20,0.9047378708168315
3,5,16,30,0.6429840236433644
3,6,16,30,0.7705772879061132
3,7,16,30,0.6689078839073301
3,8,16,30,0.7199890715529988
3,9,16,30,0.8452608565913801
3,10,16,30,0.8076033609670134
3,11,16,30,0.9032141291153292
3,12,16,30,0.8852335978581909
3,13,16,30,0.8960348921290364
3,14,16,30,0.9006921365069628
3,5,16,40,0.6834469784098366
3,6,16,40,0.6507465343316953
3,7,16,40,0.7097727804324485
3,8,16,40,0.7504846835858632
3,9,16,40,0.793302044039342
3,10,16,40,0.7942026210708388
3,11,16,40,0.8046507296750189
3,12,16,40,0.8415218861790665
3,13,16,40,0.8744465216700581
3,14,16,40,0.898414857223551
3,5,16,50,0.6944085738264023
3,6,16,50,0.7391353726382869
3,7,16,50,0.7085310611286928
3,8,16,50,0.7066677215926498
3,9,16,50,0.815178156034999
3,10,16,50,0.7721882850706911
3,11,16,50,0.8826369995075897
3,12,16,50,0.8830712446817233
3,13,16,50,0.9161910204821888
3,14,16,50,0.8823051299786714
3,5,32,10,0.6473557713397421
3,6,32,10,0.6947345717023372
3,7,32,10,0.7403888974330828
3,8,32,10,0.7281435377719465
3,9,32,10,0.8171207835934483
3,10,32,10,0.8250672194149485
3,11,32,10,0.8595376372603776
3,12,32,10,0.9252971280526532
3,13,32,10,0.9023659853808536
3,14,32,10,0.9093619227239464
3,5,32,20,0.6356096309223902
3,6,32,20,0.7660640103088083
3,7,32,20,0.7230671285162896
3,8,32,20,0.8126192829953915
3,9,32,20,0.8567073251393733
3,10,32,20,0.8154390943303271
3,11,32,20,0.901783246650908
3,12,32,20,0.8798162723170556
3,13,32,20,0.8714298419931042
3,14,32,20,0.931457165738892
3,5,32,30,0.6744144085115606
3,6,32,30,0.6998054024902889
3,7,32,30,0.7513293749963359
3,8,32,30,0.7874867891271399
3,9,32,30,0.8331281847562753
3,10,32,30,0.8179192728408042
3,11,32,30,0.8720821571591264
3,12,32,30,0.90623807309808
3,13,32,30,0.918114052723442
3,14,32,30,0.9075309720175488
3,5,32,40,0.6879924966263017
3,6,32,40,0.6693709445256492
3,7,32,40,0.7413603218665313
3,8,32,40,0.8019446257344833
3,9,32,40,0.8586748696246991
3,10,32,40,0.8721026127505755
3,11,32,40,0.8718875308592123
3,12,32,40,0.8843231233045575
3,13,32,40,0.9120317950117632
3,14,32,40,0.9117278657889092
3,5,32,50,0.7007577242136206
3,6,32,50,0.7106491471915944
3,7,32,50,0.7296740361832084
3,8,32,50,0.8086749452446998
3,9,32,50,0.827274185997109
3,10,32,50,0.7950263679131638
3,11,32,50,0.8789247809920248
3,12,32,50,0.8903166537670838
3,13,32,50,0.9077643024331497
3,14,32,50,0.9260998677809422
4,5,4,10,0.4335284296583381
4,6,4,10,0.4477597041618036
4,7,4,10,0.5343608137703801
4,8,4,10,0.0
4,9,4,10,0.5771313696740769
4,10,4,10,0.5470642199607798
4,11,4,10,0.620351452038393
4,12,4,10,0.5768344730670782
4,13,4,10,0.6601286122226475
4,14,4,10,0.6895570475183802
4,15,4,10,0.7268900000000001
4,16,4,10,0.77329
4,17,4,10,0.79145
4,18,4,10,0.8074573475007248
4,19,4,10,0.8309691748186943
4,20,4,10,0.7987627948002022
4,21,4,10,0.8842107946234071
4,22,4,10,0.8523726086792355
4,23,4,10,0.9021203720889764
4,24,4,10,0.9263776147713187
4,25,4,10,0.8733495189028995
4,26,4,10,0.8937178749064743
4,27,4,10,0.930172918282451
4,28,4,10,0.9388698527106192
4,29,4,10,0.9510586681635896
4,5,4,20,0.4161803296039711
4,6,4,20,0.5102775093317435
4,7,4,20,0.5006636465221045
4,8,4,20,0.5569082408923818
4,9,4,20,0.6137951432974352
4,10,4,20,0.6418381403507329
4,11,4,20,0.6415507897740752
4,12,4,20,0.6966347858347792
4,13,4,20,0.6474652968131982
4,14,4,20,0.6972514631728759
4,15,4,20,0.6880299999999999
4,16,4,20,0.7206899999999999
4,17,4,20,0.74902
4,18,4,20,0.7626667554567046
4,19,4,20,0.7985653730448614
4,20,4,20,0.8836790616433546
4,21,4,20,0.8831706529942422
4,22,4,20,0.8565309784149214
4,23,4,20,0.8494910530971446
4,24,4,20,0.8720102786087505
4,25,4,20,0.8998091190264598
4,26,4,20,0.946687420858532
4,27,4,20,0.9059984050219982
4,28,4,20,0.934821916212922
4,29,4,20,0.9333506292257144
4,5,4,30,0.4679132776177394
4,6,4,30,0.4889158456812691
4,7,4,30,0.4831277655511489
4,8,4,30,0.5733326475837869
4,9,4,30,0.5492921605314838
4,10,4,30,0.6302998073584278
4,11,4,30,0.6073325316074051
4,12,4,30,0.638593244041375
4,13,4,30,0.6901975169971315
4,14,4,30,0.6601397023511005
4,15,4,30,0.7264200000000001
4,16,4,30,0.69579
4,17,4,30,0.7276
4,18,4,30,0.8463449011270854
4,19,4,30,0.8581610978471963
4,20,4,30,0.8420847507037023
4,21,4,30,0.8192438397718564
4,22,4,30,0.8621633302407561
4,23,4,30,0.8821408451481968
4,24,4,30,0.8745962074246275
4,25,4,30,0.906311263598323
4,26,4,30,0.9234328995498357
4,27,4,30,0.9351228865365628
4,28,4,30,0.942916673282234
4,29,4,30,0.9296381539963596
4,5,4,40,0.4513848879670862
4,6,4,40,0.44188203048521
4,7,4,40,0.519306423211899
4,8,4,40,0.5763513052375957
4,9,4,40,0.5972169477594235
4,10,4,40,0.602630774837294
4,11,4,40,0.5777642230920532
4,12,4,40,0.6921420026093259
4,13,4,40,0.7265743421828169
4,14,4,40,0.6418458702757832
4,15,4,40,0.7366900000000001
4,16,4,40,0.77063
4,17,4,40,0.7702100000000001
4,18,4,40,0.8433900000000001
4,19,4,40,0.8462072526940035
4,20,4,40,0.8512697275451796
4,21,4,40,0.8809363376426701
4,22,4,40,0.8738292959990013
4,23,4,40,0.860142875102832
4,24,4,40,0.8476216738509805
4,25,4,40,0.8880141410855543
4,26,4,40,0.9082564336897184
4,27,4,40,0.9206162842053952
4,28,4,40,0.9413525446850304
4,29,4,40,0.9141526964402722
4,5,4,50,0.4663200397235013
4,6,4,50,0.4819414187618294
4,7,4,50,0.5121801779837739
4,8,4,50,0.5546919090069715
4,9,4,50,0.5593541036713674
4,10,4,50,0.6139983425318236
4,11,4,50,0.6089628608253322
4,12,4,50,0.6040850909507178
4,13,4,50,0.6661201420776077
4,14,4,50,0.7283543437068781
4,15,4,50,0.73368
4,16,4,50,0.7255999999999999
4,17,4,50,0.7200599999999999
4,18,4,50,0.7820792064961959
4,19,4,50,0.7581152140406543
4,20,4,50,0.8434690831150837
4,21,4,50,0.863595769507395
4,22,4,50,0.8458691366659099
4,23,4,50,0.8298633339842405
4,24,4,50,0.9015823260772572
4,25,4,50,0.9085566811738564
4,26,4,50,0.9385163678405848
4,27,4,50,0.942057477477696
4,28,4,50,0.9069476881910614
4,29,4,50,0.9216708553855828
4,5,8,10,0.4359115640317702
4,6,8,10,0.5100680722344604
4,7,8,10,0.5003453357824392
4,8,8,10,0.53876110010493
4,9,8,10,0.5495911533614437
4,10,8,10,0.6174992952617069
4,11,8,10,0.6198680262943551
4,12,8,10,0.6906698517435613
4,13,8,10,0.6869064900238818
4,14,8,10,0.7247884373853003
4,15,8,10,0.71211
4,16,8,10,0.75376
4,17,8,10,0.76298
4,18,8,10,0.8561791979377631
4,19,8,10,0.8254989765361787
4,20,8,10,0.8477433500548379
4,21,8,10,0.8602570784726999
4,22,8,10,0.8878596963730365
4,23,8,10,0.8962472804440924
4,24,8,10,0.9189949021655138
4,25,8,10,0.929643825214729
4,26,8,10,0.9424653613303108
4,27,8,10,0.9290131694847504
4,28,8,10,0.9352734400499878
4,29,8,10,0.9405116979826126
4,5,8,20,0.4529823464208515
4,6,8,20,0.529873813833088
4,7,8,20,0.4884159348728903
4,8,8,20,0.5835788758462555
4,9,8,20,0.5484271669256646
4,10,8,20,0.5923624385958186
4,11,8,20,0.5830839069359027
4,12,8,20,0.6433918271459972
4,13,8,20,0.6787478181289466
4,14,8,20,0.7398819814569843
4,15,8,20,0.76893
4,16,8,20,0.7550299999999999
4,17,8,20,0.8356199999999999
4,18,8,20,0.8118461866702539
4,19,8,20,0.8420470816330127
4,20,8,20,0.8619126484174517
4,21,8,20,0.8590148425103884
4,22,8,20,0.8621907157504138
4,23,8,20,0.90201057014967
4,24,8,20,0.9149946569432232
4,25,8,20,0.8825877298470625
4,26,8,20,0.9073902395553248
4,27,8,20,0.9287207444699794
4,28,8,20,0.9228131548697864
4,29,8,20,0.9434514908019652
4,5,8,30,0.4485067513483073
4,6,8,30,0.5232579996430429
4,7,8,30,0.5621035810455007
4,8,8,30,0.5860640319160193
4,9,8,30,0.5747190505785269
4,10,8,30,0.5991435743062958
4,11,8,30,0.6189544125433712
4,12,8,30,0.6597395148506658
4,13,8,30,0.6508194710776161
4,14,8,30,0.694305279764008
4,15,8,30,0.7311
4,16,8,30,0.7367999999999999
4,17,8,30,0.73835
4,18,8,30,0.8144352746092787
4,19,8,30,0.8412644916098083
4,20,8,30,0.8336235173800937
4,21,8,30,0.8621783843014394
4,22,8,30,0.8745362108683853
4,23,8,30,0.8625573183987431
4,24,8,30,0.9110434391703126
4,25,8,30,0.9371926557824948
4,26,8,30,0.920154184845176
4,27,8,30,0.9268801552416572
4,28,8,30,0.941384820842259
4,29,8,30,0.9505252099270776
4,5,8,40,0.4731216829450076
4,6,8,40,0.5579647915262267
4,7,8,40,0.5596317370471592
4,8,8,40,0.56161945562799
4,9,8,40,0.5737786813511028
4,10,8,40,0.5780955253446944
4,11,8,40,0.6400288088687769
4,12,8,40,0.6738674888217783
4,13,8,40,0.6987571477079515
4,14,8,40,0.7178253526333352
4,15,8,40,0.7848
4,16,8,40,0.7849299999999999
4,17,8,40,0.7906899999999999
4,18,8,40,0.7980829965791408
4,19,8,40,0.8372868198576604
4,20,8,40,0.8422512477253971
4,21,8,40,0.8685926010567728
4,22,8,40,0.8477513956567313
4,23,8,40,0.8783432975106518
4,24,8,40,0.8888483140171772
4,25,8,40,0.9179391758067886
4,26,8,40,0.9188198218130432
4,27,8,40,0.9238611881401432
4,28,8,40,0.928497382814872
4,29,8,40,0.9456494057113136
4,5,8,50,0.520648780467216
4,6,8,50,0.4660159898310854
4,7,8,50,0.510615904747661
4,8,8,50,0.5665140875464633
4,9,8,50,0.5927336313353267
4,10,8,50,0.5793393762349149
4,11,8,50,0.6630318013187776
4,12,8,50,0.649633916639175
4,13,8,50,0.7790840859755528
4,14,8,50,0.7149812492411044
4,15,8,50,0.70458
4,16,8,50,0.7155799999999999
4,17,8,50,0.7773500000000001
4,18,8,50,0.795757070554482
4,19,8,50,0.8412714349879801
4,20,8,50,0.8527703413056823
4,21,8,50,0.8758677488808493
4,22,8,50,0.856047741252835
4,23,8,50,0.8954682546543815
4,24,8,50,0.9153642370646236
4,25,8,50,0.9099514461298378
4,26,8,50,0.924426642167402
4,27,8,50,0.9201318599312048
4,28,8,50,0.9405204702927772
4,29,8,50,0.9472001813872764
4,5,16,10,0.4836835046860489
4,6,16,10,0.4718217149059264
4,7,16,10,0.5188676002677207
4,8,16,10,0.5216677235174062
4,9,16,10,0.6051858108858188
4,10,16,10,0.5546964658233171
4,11,16,10,0.6295172820697121
4,12,16,10,0.6381012064273064
4,13,16,10,0.6775039575643379
4,14,16,10,0.7317693999287497
4,15,16,10,0.72209
4,16,16,10,0.81003
4,17,16,10,0.7894
4,18,16,10,0.8360827258607884
4,19,16,10,0.876088731627479
4,20,16,10,0.8799608948951899
4,21,16,10,0.8520034178019742
4,22,16,10,0.8974230314332681
4,23,16,10,0.9025165357758668
4,24,16,10,0.92519009361606
4,25,16,10,0.9228232095880085
4,26,16,10,0.9320315437678104
4,27,16,10,0.9371204666539344
4,28,16,10,0.9501456878325636
4,29,16,10,0.9501868710373352
4,5,16,20,0.4272743543712827
4,6,16,20,0.4764640430971341
4,7,16,20,0.534027249660603
4,8,16,20,0.5515934249583554
4,9,16,20,0.5742398064791767
4,10,16,20,0.6327408628729746
4,11,16,20,0.6476029796731922
4,12,16,20,0.6703951267931098
4,13,16,20,0.6638967449456249
4,14,16,20,0.7308677449272901
4,15,16,20,0.72794
4,16,16,20,0.7566400000000001
4,17,16,20,0.7870199999999999
4,18,16,20,0.8241701978135503
4,19,16,20,0.8282034504321448
4,20,16,20,0.8564244048218759
4,21,16,20,0.881235469457723
4,22,16,20,0.9015669649200116
4,23,16,20,0.9163554631513404
4,24,16,20,0.9252403912559484
4,25,16,20,0.9314596744022304
4,26,16,20,0.9170099273026172
4,27,16,20,0.9441518490439804
4,28,16,20,0.9283512539731728
4,29,16,20,0.947027291633968
4,5,16,30,0.4809809185364163
4,6,16,30,0.4593243279948128
4,7,16,30,0.4999743930249478
4,8,16,30,0.5877470936504349
4,9,16,30,0.5943697886388916
4,10,16,30,0.5785573237388901
4,11,16,30,0.6452054420757871
4,12,16,30,0.7340237083638484
4,13,16,30,0.7057250809609317
4,14,16,30,0.7024494906652633
4,15,16,30,0.7523799999999999
4,16,16,30,0.7456099999999999
4,17,16,30,0.7528800000000001
4,18,16,30,0.8575749077479301
4,19,16,30,0.8787223312163688
4,20,16,30,0.8698195724877609
4,21,16,30,0.8636748784952475
4,22,16,30,0.9099757996586234
4,23,16,30,0.8955939767121966
4,24,16,30,0.9196277856849242
4,25,16,30,0.9224004766824376
4,26,16,30,0.9313585998206664
4,27,16,30,0.937495657837742
4,28,16,30,0.9434584225055994
4,29,16,30,0.9332171349139096
4,5,16,40,0.4617590047091252
4,6,16,40,0.4837201761548861
4,7,16,40,0.5645251746980106
4,8,16,40,0.5335767643938117
4,9,16,40,0.580123125630133
4,10,16,40,0.6132609482376902
4,11,16,40,0.6773232190984171
4,12,16,40,0.6391185694441461
4,13,16,40,0.6857207488053071
4,14,16,40,0.746142842754897
4,15,16,40,0.7722100000000001
4,16,16,40,0.80135
4,17,16,40,0.79925
4,18,16,40,0.8212351563835899
4,19,16,40,0.876390931980203
4,20,16,40,0.9006129956654074
4,21,16,40,0.875499061181584
4,22,16,40,0.8826899266636226
4,23,16,40,0.8995243694386238
4,24,16,40,0.9141704016025748
4,25,16,40,0.9385394504143632
4,26,16,40,0.9214121585685084
4,27,16,40,0.9269209415529158
4,28,16,40,0.9390118282799936
4,29,16,40,0.9479267759420054
4,5,16,50,0.4877586622356265
4,6,16,50,0.5197024161477637
4,7,16,50,0.5499161015226557
4,8,16,50,0.5850126254108978
4,9,16,50,0.6133942804604248
4,10,16,50,0.5964747554261007
4,11,16,50,0.6515332521778554
4,12,16,50,0.7059777349460854
4,13,16,50,0.7065010559878346
4,14,16,50,0.7300128515381258
4,15,16,50,0.7636199999999999
4,16,16,50,0.78246
4,17,16,50,0.8430500000000001
4,18,16,50,0.8558952399788249
4,19,16,50,0.8659139044960595
4,20,16,50,0.871211412057305
4,21,16,50,0.8729173248153511
4,22,16,50,0.8927807389312654
4,23,16,50,0.8969211970157518
4,24,16,50,0.915165903544858
4,25,16,50,0.919165792957107
4,26,16,50,0.9213156522482346
4,27,16,50,0.9451812408311154
4,28,16,50,0.9229273465525653
4,29,16,50,0.939839435765881
4,5,32,10,0.4550725360755055
4,6,32,10,0.4680581947037874
4,7,32,10,0.546911395054822
4,8,32,10,0.5886978421149108
4,9,32,10,0.5544463290653046
4,10,32,10,0.6128019941798065
4,11,32,10,0.6461849801361376
4,12,32,10,0.6357012799982023
4,13,32,10,0.705250467694763
4,14,32,10,0.7224271820945776
4,15,32,10,0.77779
4,16,32,10,0.78844
4,17,32,10,0.79729
4,18,32,10,0.8569709590534369
4,19,32,10,0.8418350841992831
4,20,32,10,0.8843196035901284
4,21,32,10,0.8773572863834801
4,22,32,10,0.890857996130418
4,23,32,10,0.8984766250622519
4,24,32,10,0.919886065254915
4,25,32,10,0.9149487045467162
4,26,32,10,0.9274839195849008
4,27,32,10,0.951226049994512
4,28,32,10,0.936293718677787
4,29,32,10,0.9570040117942182
4,5,32,20,0.4715024072866928
4,6,32,20,0.481243289176064
4,7,32,20,0.54114519691382
4,8,32,20,0.6068386362776061
4,9,32,20,0.593888220290167
4,10,32,20,0.6236997583207318
4,11,32,20,0.6596826662418636
4,12,32,20,0.65405623741421
4,13,32,20,0.6931757936193762
4,14,32,20,0.7608942447044451
4,15,32,20,0.73519
4,16,32,20,0.77025
4,17,32,20,0.7792299999999999
4,18,32,20,0.8345836837675717
4,19,32,20,0.8544887806107383
4,20,32,20,0.8547838298212673
4,21,32,20,0.8842472698971576
4,22,32,20,0.9009440782118376
4,23,32,20,0.9063701051937126
4,24,32,20,0.9094827458047464
4,25,32,20,0.9263103804683548
4,26,32,20,0.9402948798831472
4,27,32,20,0.9383710599825518
4,28,32,20,0.9464223814141366
4,29,32,20,0.9545071442648554
4,5,32,30,0.4799147095210869
4,6,32,30,0.5290263646959701
4,7,32,30,0.571926984110547
4,8,32,30,0.5759118438958196
4,9,32,30,0.6202893476299826
4,10,32,30,0.6271039502711313
4,11,32,30,0.6529342102987177
4,12,32,30,0.7006836124702045
4,13,32,30,0.6758847356415878
4,14,32,30,0.714199400058124
4,15,32,30,0.7640800000000001
4,16,32,30,0.7798
4,17,32,30,0.8352725187263648
4,18,32,30,0.8883434097963541
4,19,32,30,0.8713915160347294
4,20,32,30,0.8694862977401939
4,21,32,30,0.8748795783991037
4,22,32,30,0.890952869972805
4,23,32,30,0.9203652429017944
4,24,32,30,0.92161684588349
4,25,32,30,0.919700422150713
4,26,32,30,0.9281720520135608
4,27,32,30,0.939521993472208
4,28,32,30,0.946659597127118
4,29,32,30,0.9482624582352122
4,5,32,40,0.5268333838298608
4,6,32,40,0.508362050684674
4,7,32,40,0.5325192525752542
4,8,32,40,0.5266641693311962
4,9,32,40,0.6367865282659531
4,10,32,40,0.6178150752772777
4,11,32,40,0.6318223494490792
4,12,32,40,0.6845353084587852
4,13,32,40,0.7785732691156161
4,14,32,40,0.7364720638472297
4,15,32,40,0.7945499999999999
4,16,32,40,0.78524
4,17,32,40,0.808
4,18,32,40,0.8574743923722963
4,19,32,40,0.8622090825654671
4,20,32,40,0.8673687912145815
4,21,32,40,0.8645016071160102
4,22,32,40,0.9075560740655392
4,23,32,40,0.8916695050870171
4,24,32,40,0.921889207544243
4,25,32,40,0.918665925245596
4,26,32,40,0.9215030107869742
4,27,32,40,0.93568838961223
4,28,32,40,0.947094538317877
4,29,32,40,0.946308051622514
4,5,32,50,0.4525152459089241
4,6,32,50,0.5159592359706912
4,7,32,50,0.5336196505171077
4,8,32,50,0.6205284469837437
4,9,32,50,0.6016668846921389
4,10,32,50,0.6084212733557772
4,11,32,50,0.6606270266547243
4,12,32,50,0.6934526450246553
4,13,32,50,0.7323529942789242
4,14,32,50,0.7454139357369363
4,15,32,50,0.76196
4,16,32,50,0.76579
4,17,32,50,0.7807199999999999
4,18,32,50,0.8599131906561579
4,19,32,50,0.8702365611815412
4,20,32,50,0.872978162158496
4,21,32,50,0.9037261623554836
4,22,32,50,0.895074584179933
4,23,32,50,0.902345592401276
4,24,32,50,0.9234352418670132
4,25,32,50,0.9249727568312818
4,26,32,50,0.9254137051167446
4,27,32,50,0.934227033805202
4,28,32,50,0.9390747529735266
4,29,32,50,0.9532689041948192
5,5,4,10,0.2518380311819598
5,6,4,10,0.2685535746316897
5,7,4,10,0.0
5,8,4,10,0.0
5,9,4,10,0.0
5,10,4,10,0.0
5,11,4,10,0.0
5,12,4,10,0.0
5,13,4,10,0.0
5,14,4,10,0.0
5,15,4,10,0.0
5,16,4,10,0.0
5,17,4,10,0.0
5,18,4,10,0.0
5,19,4,10,0.0
5,20,4,10,0.6240165547823293
5,21,4,10,0.6657283702256718
5,22,4,10,0.688346303873397
5,23,4,10,0.7016330995495643
5,24,4,10,0.7016480822156891
5,25,4,10,0.7244111974781392
5,26,4,10,0.7711134184677085
5,27,4,10,0.7710532797267446
5,28,4,10,0.7798228267097981
5,29,4,10,0.8198792983575537
5,30,4,10,0.8230234608531853
5,31,4,10,0.7988091453642993
5,32,4,10,0.8512207614004458
5,33,4,10,0.8636563890394384
5,34,4,10,0.8592114991151106
5,35,4,10,0.8555168362623847
5,36,4,10,0.8585714226293669
5,37,4,10,0.8830300472569512
5,38,4,10,0.8967678908761105
5,39,4,10,0.8892936635079163
5,40,4,10,0.0
5,41,4,10,0.0
5,42,4,10,0.0
5,43,4,10,0.0
5,44,4,10,0.0
5,45,4,10,0.0
5,46,4,10,0.0
5,47,4,10,0.0
5,48,4,10,0.0
5,49,4,10,0.0
5,5,4,20,0.235066266207725
5,6,4,20,0.0
5,7,4,20,0.0
5,8,4,20,0.0
5,9,4,20,0.0
5,10,4,20,0.0
5,11,4,20,0.0
5,12,4,20,0.0
5,13,4,20,0.0
5,14,4,20,0.0
5,15,4,20,0.0
5,16,4,20,0.0
5,17,4,20,0.0
5,18,4,20,0.0
5,19,4,20,0.0
5,20,4,20,0.654938670665443
5,21,4,20,0.691706024782994
5,22,4,20,0.6981514758602376
5,23,4,20,0.6966211239350873
5,24,4,20,0.724614437648132
5,25,4,20,0.7624028063387157
5,26,4,20,0.8114272047400568
5,27,4,20,0.767856896124518
5,28,4,20,0.7770496241802145
5,29,4,20,0.8084248504283316
5,30,4,20,0.8216193665434369
5,31,4,20,0.8132016877311861
5,32,4,20,0.8538521971367347
5,33,4,20,0.8653017043026707
5,34,4,20,0.8524886481333139
5,35,4,20,0.8734735649805867
5,36,4,20,0.8802215750492473
5,37,4,20,0.0
5,38,4,20,0.0
5,39,4,20,0.0
5,40,4,20,0.0
5,41,4,20,0.0
5,42,4,20,0.0
5,43,4,20,0.0
5,44,4,20,0.0
5,45,4,20,0.0
5,46,4,20,0.0
5,47,4,20,0.0
5,48,4,20,0.0
5,49,4,20,0.0
5,5,4,30,0.238286055034764
5,6,4,30,0.0
5,7,4,30,0.0
5,8,4,30,0.0
5,9,4,30,0.0
5,10,4,30,0.0
5,11,4,30,0.0
5,12,4,30,0.0
5,13,4,30,0.0
5,14,4,30,0.0
5,15,4,30,0.0
5,16,4,30,0.0
5,17,4,30,0.0
5,18,4,30,0.0
5,19,4,30,0.0
5,20,4,30,0.6385079593002503
5,21,4,30,0.6563611493127798
5,22,4,30,0.7377886331406979
5,23,4,30,0.7311954832071764
5,24,4,30,0.7278280457187374
5,25,4,30,0.7685483928035166
5,26,4,30,0.7869287872840528
5,27,4,30,0.7917983396756456
5,28,4,30,0.7957982920360646
5,29,4,30,0.7807144467901533
5,30,4,30,0.0
5,31,4,30,0.0
5,32,4,30,0.0
5,33,4,30,0.0
5,34,4,30,0.0
5,35,4,30,0.0
5,36,4,30,0.0
5,37,4,30,0.0
5,38,4,30,0.0
5,39,4,30,0.0
5,40,4,30,0.0
5,41,4,30,0.0
5,42,4,30,0.0
5,43,4,30,0.0
5,44,4,30,0.0
5,45,4,30,0.0
5,46,4,30,0.0
5,47,4,30,0.0
5,48,4,30,0.0
5,49,4,30,0.0
5,5,4,40,0.255933443889644
5,6,4,40,0.0
5,7,4,40,0.0
5,8,4,40,0.0
5,9,4,40,0.0
5,10,4,40,0.0
5,11,4,40,0.0
5,12,4,40,0.0
5,13,4,40,0.0
5,14,4,40,0.0
5,15,4,40,0.0
5,16,4,40,0.0
5,17,4,40,0.0
5,18,4,40,0.0
5,19,4,40,0.0
5,20,4,40,0.5936434044641924
5,21,4,40,0.6452661658494321
5,22,4,40,0.7184076034350462
5,23,4,40,0.7119669965015679
5,24,4,40,0.6650891359908031
5,25,4,40,0.7607799922750281
5,26,4,40,0.7638930693479051
5,27,4,40,0.7741246731274471
5,28,4,40,0.8026994352570253
5,29,4,40,0.8199684922154595
5,30,4,40,0.0
5,31,4,40,0.0
5,32,4,40,0.0
5,33,4,40,0.0
5,34,4,40,0.0
5,35,4,40,0.0
5,36,4,40,0.0
5,37,4,40,0.0
5,38,4,40,0.0
5,39,4,40,0.0
5,40,4,40,0.0
5,41,4,40,0.0
5,42,4,40,0.0
5,43,4,40,0.0
5,44,4,40,0.0
5,45,4,40,0.0
5,46,4,40,0.0
5,47,4,40,0.0
5,48,4,40,0.0
5,49,4,40,0.0
5,5,4,50,0.242656263563676
5,6,4,50,0.0
5,7,4,50,0.0
5,8,4,50,0.0
5,9,4,50,0.0
5,10,4,50,0.0
5,11,4,50,0.0
5,12,4,50,0.0
5,13,4,50,0.0
5,14,4,50,0.0
5,15,4,50,0.0
5,16,4,50,0.0
5,17,4,50,0.0
5,18,4,50,0.0
5,19,4,50,0.0
5,20,4,50,0.600289314565053
5,21,4,50,0.6348955007137647
5,22,4,50,0.6938432295272763
5,23,4,50,0.7188539495757701
5,24,4,50,0.6859874489539651
5,25,4,50,0.7246377610694984
5,26,4,50,0.7305211644122589
5,27,4,50,0.7807004725455454
5,28,4,50,0.7697037598987635
5,29,4,50,0.809407690595305
5,30,4,50,0.0
5,31,4,50,0.0
5,32,4,50,0.0
5,33,4,50,0.0
5,34,4,50,0.0
5,35,4,50,0.0
5,36,4,50,0.0
5,37,4,50,0.0
5,38,4,50,0.0
5,39,4,50,0.0
5,40,4,50,0.0
5,41,4,50,0.0
5,42,4,50,0.0
5,43,4,50,0.0
5,44,4,50,0.0
5,45,4,50,0.0
5,46,4,50,0.0
5,47,4,50,0.0
5,48,4,50,0.0
5,49,4,50,0.0
5,5,8,10,0.2438118677596862
5,6,8,10,0.279107968949922
5,7,8,10,0.0
5,8,8,10,0.0
5,9,8,10,0.0
5,10,8,10,0.0
5,11,8,10,0.0
5,12,8,10,0.0
5,13,8,10,0.0
5,14,8,10,0.0
5,15,8,10,0.0
5,16,8,10,0.0
5,17,8,10,0.0
5,18,8,10,0.0
5,19,8,10,0.0
5,20,8,10,0.6739553538017397
5,21,8,10,0.6803535942285026
5,22,8,10,0.7390488583726943
5,23,8,10,0.7329254406780839
5,24,8,10,0.746674894433552
5,25,8,10,0.7630110930510566
5,26,8,10,0.7785637861959585
5,27,8,10,0.7770680578079266
5,28,8,10,0.8020692156967101
5,29,8,10,0.8296095237769101
5,30,8,10,0.8382213242534196
5,31,8,10,0.8363873223991906
5,32,8,10,0.8156706418416926
5,33,8,10,0.8666072082943799
5,34,8,10,0.8802997605434841
5,35,8,10,0.8613387816770974
5,36,8,10,0.8773221994923475
5,37,8,10,0.8999608396144356
5,38,8,10,0.8878873821361164
5,39,8,10,0.9096127138296854
5,40,8,10,0.0
5,41,8,10,0.0
5,42,8,10,0.0
5,43,8,10,0.0
5,44,8,10,0.0
5,45,8,10,0.0
5,46,8,10,0.0
5,47,8,10,0.0
5,48,8,10,0.0
5,49,8,10,0.0
5,5,8,20,0.2639106823140764
5,6,8,20,0.0
5,7,8,20,0.0
5,8,8,20,0.0
5,9,8,20,0.0
5,10,8,20,0.0
5,11,8,20,0.0
5,12,8,20,0.0
5,13,8,20,0.0
5,14,8,20,0.0
5,15,8,20,0.0
5,16,8,20,0.0
5,17,8,20,0.0
5,18,8,20,0.0
5,19,8,20,0.0
5,20,8,20,0.660829518002406
5,21,8,20,0.6527986948948571
5,22,8,20,0.71219748742699
5,23,8,20,0.7404674861552307
5,24,8,20,0.7337529735311381
5,25,8,20,0.7272607554153842
5,26,8,20,0.7687863868006446
5,27,8,20,0.7851944537021432
5,28,8,20,0.8192127198455204
5,29,8,20,0.8285497852085246
5,30,8,20,0.8118122126016301
5,31,8,20,0.835110976839694
5,32,8,20,0.8521533190844602
5,33,8,20,0.8744039246819723
5,34,8,20,0.8708044866342455
5,35,8,20,0.8620267973298479
5,36,8,20,0.8702896011034522
5,37,8,20,0.0
5,38,8,20,0.0
5,39,8,20,0.0
5,40,8,20,0.0
5,41,8,20,0.0
5,42,8,20,0.0
5,43,8,20,0.0
5,44,8,20,0.0
5,45,8,20,0.0
5,46,8,20,0.0
5,47,8,20,0.0
5,48,8,20,0.0
5,49,8,20,0.0
5,5,8,30,0.2634623112841897
5,6,8,30,0.0
5,7,8,30,0.0
5,8,8,30,0.0
5,9,8,30,0.0
5,10,8,30,0.0
5,11,8,30,0.0
5,12,8,30,0.0
5,13,8,30,0.0
5,14,8,30,0.0
5,15,8,30,0.0
5,16,8,30,0.0
5,17,8,30,0.0
5,18,8,30,0.0
5,19,8,30,0.0
5,20,8,30,0.6504699694212068
5,21,8,30,0.6582694971965405
5,22,8,30,0.7297513085104252
5,23,8,30,0.6915749413721992
5,24,8,30,0.7253583067148497
5,25,8,30,0.7532901144012358
5,26,8,30,0.7875724651262209
5,27,8,30,0.7934812999680061
5,28,8,30,0.8358312451182698
5,29,8,30,0.816128382976299
5,30,8,30,0.0
5,31,8,30,0.0
5,32,8,30,0.0
5,33,8,30,0.0
5,34,8,30,0.0
5,35,8,30,0.0
5,36,8,30,0.0
5,37,8,30,0.0
5,38,8,30,0.0
5,39,8,30,0.0
5,40,8,30,0.0
5,41,8,30,0.0
5,42,8,30,0.0
5,43,8,30,0.0
5,44,8,30,0.0
5,45,8,30,0.0
5,46,8,30,0.0
5,47,8,30,0.0
5,48,8,30,0.0
5,49,8,30,0.0
5,5,8,40,0.2567523101455591
5,6,8,40,0.0
5,7,8,40,0.0
5,8,8,40,0.0
5,9,8,40,0.0
5,10,8,40,0.0
5,11,8,40,0.0
5,12,8,40,0.0
5,13,8,40,0.0
5,14,8,40,0.0
5,15,8,40,0.0
5,16,8,40,0.0
5,17,8,40,0.0
5,18,8,40,0.0
5,19,8,40,0.0
5,20,8,40,0.6644155145957148
5,21,8,40,0.6504909643303463
5,22,8,40,0.7219300906047142
5,23,8,40,0.727391690098026
5,24,8,40,0.706326488989801
5,25,8,40,0.7543651037118986
5,26,8,40,0.7750268163646791
5,27,8,40,0.7981848878911378
5,28,8,40,0.7539745096199649
5,29,8,40,0.8055057235325986
5,30,8,40,0.0
5,31,8,40,0.0
5,32,8,40,0.0
5,33,8,40,0.0
5,34,8,40,0.0
5,35,8,40,0.0
5,36,8,40,0.0
5,37,8,40,0.0
5,38,8,40,0.0
5,39,8,40,0.0
5,40,8,40,0.0
5,41,8,40,0.0
5,42,8,40,0.0
5,43,8,40,0.0
5,44,8,40,0.0
5,45,8,40,0.0
5,46,8,40,0.0
5,47,8,40,0.0
5,48,8,40,0.0
5,49,8,40,0.0
5,5,8,50,0.288222133322806
5,6,8,50,0.0
5,7,8,50,0.0
5,8,8,50,0.0
5,9,8,50,0.0
5,10,8,50,0.0
5,11,8,50,0.0
5,12,8,50,0.0
5,13,8,50,0.0
5,14,8,50,0.0
5,15,8,50,0.0
5,16,8,50,0.0
5,17,8,50,0.0
5,18,8,50,0.0
5,19,8,50,0.0
5,20,8,50,0.6861680746254522
5,21,8,50,0.6813118834668273
5,22,8,50,0.6847800077646076
5,23,8,50,0.7098836184137375
5,24,8,50,0.8002680332512562
5,25,8,50,0.7543452442140058
5,26,8,50,0.7772695144990855
5,27,8,50,0.7944764093520049
5,28,8,50,0.7854708100011475
5,29,8,50,0.8164595846602744
5,30,8,50,0.0
5,31,8,50,0.0
5,32,8,50,0.0
5,33,8,50,0.0
5,34,8,50,0.0
5,35,8,50,0.0
5,36,8,50,0.0
5,37,8,50,0.0
5,38,8,50,0.0
5,39,8,50,0.0
5,40,8,50,0.0
5,41,8,50,0.0
5,42,8,50,0.0
5,43,8,50,0.0
5,44,8,50,0.0
5,45,8,50,0.0
5,46,8,50,0.0
5,47,8,50,0.0
5,48,8,50,0.0
5,49,8,50,0.0
5,5,16,10,0.2452838412193051
5,6,16,10,0.2652238956448562
5,7,16,10,0.0
5,8,16,10,0.0
5,9,16,10,0.0
5,10,16,10,0.0
5,11,16,10,0.0
5,12,16,10,0.0
5,13,16,10,0.0
5,14,16,10,0.0
5,15,16,10,0.0
5,16,16,10,0.0
5,17,16,10,0.0
5,18,16,10,0.0
5,19,16,10,0.0
5,20,16,10,0.6790941659549377
5,21,16,10,0.6879285498228628
5,22,16,10,0.7247668318474759
5,23,16,10,0.7673145123582894
5,24,16,10,0.74453075653952
5,25,16,10,0.7637114382827133
5,26,16,10,0.8007241078619651
5,27,16,10,0.802705763570923
5,28,16,10,0.7951493154312004
5,29,16,10,0.8448175193751275
5,30,16,10,0.8321430844506779
5,31,16,10,0.8444652805683652
5,32,16,10,0.8703620996184138
5,33,16,10,0.859356216632083
5,34,16,10,0.8520246666049601
5,35,16,10,0.8882691981134079
5,36,16,10,0.8946903983160169
5,37,16,10,0.9042037470609496
5,38,16,10,0.8954371336940922
5,39,16,10,0.9183301716537128
5,40,16,10,0.0
5,41,16,10,0.0
5,42,16,10,0.0
5,43,16,10,0.0
5,44,16,10,0.0
5,45,16,10,0.0
5,46,16,10,0.0
5,47,16,10,0.0
5,48,16,10,0.0
5,49,16,10,0.0
5,5,16,20,0.2497003998483358
5,6,16,20,0.0
5,7,16,20,0.0
5,8,16,20,0.0
5,9,16,20,0.0
5,10,16,20,0.0
5,11,16,20,0.0
5,12,16,20,0.0
5,13,16,20,0.0
5,14,16,20,0.0
5,15,16,20,0.0
5,16,16,20,0.0
5,17,16,20,0.0
5,18,16,20,0.0
5,19,16,20,0.0
5,20,16,20,0.7255659660421214
5,21,16,20,0.7038395629114312
5,22,16,20,0.7094245435020337
5,23,16,20,0.7299422544658883
5,24,16,20,0.7735557897234443
5,25,16,20,0.774220691234189
5,26,16,20,0.8217140839618043
5,27,16,20,0.8158066600196733
5,28,16,20,0.8145473666030292
5,29,16,20,0.821004736041813
5,30,16,20,0.8359833258375303
5,31,16,20,0.8406390477000263
5,32,16,20,0.854206666888391
5,33,16,20,0.8568890939418553
5,34,16,20,0.8832488770566054
5,35,16,20,0.8663562371001085
5,36,16,20,0.0
5,37,16,20,0.0
5,38,16,20,0.0
5,39,16,20,0.0
5,40,16,20,0.0
5,41,16,20,0.0
5,42,16,20,0.0
5,43,16,20,0.0
5,44,16,20,0.0
5,45,16,20,0.0
5,46,16,20,0.0
5,47,16,20,0.0
5,48,16,20,0.0
5,49,16,20,0.0
5,5,16,30,0.2916457044044012
5,6,16,30,0.0
5,7,16,30,0.0
5,8,16,30,0.0
5,9,16,30,0.0
5,10,16,30,0.0
5,11,16,30,0.0
5,12,16,30,0.0
5,13,16,30,0.0
5,14,16,30,0.0
5,15,16,30,0.0
5,16,16,30,0.0
5,17,16,30,0.0
5,18,16,30,0.0
5,19,16,30,0.0
5,20,16,30,0.6248066669312552
5,21,16,30,0.7580998617385643
5,22,16,30,0.6898115963777608
5,23,16,30,0.7478243426054496
5,24,16,30,0.7681663618985235
5,25,16,30,0.7546380014562624
5,26,16,30,0.765949937231184
5,27,16,30,0.8133893373422957
5,28,16,30,0.8117561308859024
5,29,16,30,0.828434084823187
5,30,16,30,0.0
5,31,16,30,0.0
5,32,16,30,0.0
5,33,16,30,0.0
5,34,16,30,0.0
5,35,16,30,0.0
5,36,16,30,0.0
5,37,16,30,0.0
5,38,16,30,0.0
5,39,16,30,0.0
5,40,16,30,0.0
5,41,16,30,0.0
5,42,16,30,0.0
5,43,16,30,0.0
5,44,16,30,0.0
5,45,16,30,0.0
5,46,16,30,0.0
5,47,16,30,0.0
5,48,16,30,0.0
5,49,16,30,0.0
5,5,16,40,0.2663655822981682
5,6,16,40,0.0
5,7,16,40,0.0
5,8,16,40,0.0
5,9,16,40,0.0
5,10,16,40,0.0
5,11,16,40,0.0
5,12,16,40,0.0
5,13,16,40,0.0
5,14,16,40,0.0
5,15,16,40,0.0
5,16,16,40,0.0
5,17,16,40,0.0
5,18,16,40,0.0
5,19,16,40,0.0
5,20,16,40,0.6622656423410478
5,21,16,40,0.6785742084037352
5,22,16,40,0.7301129768119348
5,23,16,40,0.7463149661352066
5,24,16,40,0.7409440343097529
5,25,16,40,0.7978700933944559
5,26,16,40,0.7637896290119303
5,27,16,40,0.7732817155740709
5,28,16,40,0.8074547233303513
5,29,16,40,0.842377617555935
5,30,16,40,0.0
5,31,16,40,0.0
5,32,16,40,0.0
5,33,16,40,0.0
5,34,16,40,0.0
5,35,16,40,0.0
5,36,16,40,0.0
5,37,16,40,0.0
5,38,16,40,0.0
5,39,16,40,0.0
5,40,16,40,0.0
5,41,16,40,0.0
5,42,16,40,0.0
5,43,16,40,0.0
5,44,16,40,0.0
5,45,16,40,0.0
5,46,16,40,0.0
5,47,16,40,0.0
5,48,16,40,0.0
5,49,16,40,0.0
5,5,16,50,0.2486302742208566
5,6,16,50,0.0
5,7,16,50,0.0
5,8,16,50,0.0
5,9,16,50,0.0
5,10,16,50,0.0
5,11,16,50,0.0
5,12,16,50,0.0
5,13,16,50,0.0
5,14,16,50,0.0
5,15,16,50,0.0
5,16,16,50,0.0
5,17,16,50,0.0
5,18,16,50,0.0
5,19,16,50,0.0
5,20,16,50,0.6444787103727215
5,21,16,50,0.6981368258921484
5,22,16,50,0.731745628040175
5,23,16,50,0.7298075858239456
5,24,16,50,0.7485896674697665
5,25,16,50,0.7536953274572038
5,26,16,50,0.7976797045967201
5,27,16,50,0.7740263952202185
5,28,16,50,0.787491107406048
5,29,16,50,0.8264252543573798
5,30,16,50,0.0
5,31,16,50,0.0
5,32,16,50,0.0
5,33,16,50,0.0
5,34,16,50,0.0
5,35,16,50,0.0
5,36,16,50,0.0
5,37,16,50,0.0
5,38,16,50,0.0
5,39,16,50,0.0
5,40,16,50,0.0
5,41,16,50,0.0
5,42,16,50,0.0
5,43,16,50,0.0
5,44,16,50,0.0
5,45,16,50,0.0
5,46,16,50,0.0
5,47,16,50,0.0
5,48,16,50,0.0
5,49,16,50,0.0
5,5,32,10,0.2317960104387473
5,6,32,10,0.0
5,7,32,10,0.0
5,8,32,10,0.0
5,9,32,10,0.0
5,10,32,10,0.0
5,11,32,10,0.0
5,12,32,10,0.0
5,13,32,10,0.0
5,14,32,10,0.0
5,15,32,10,0.0
5,16,32,10,0.0
5,17,32,10,0.0
5,18,32,10,0.0
5,19,32,10,0.0
5,20,32,10,0.658822571923489
5,21,32,10,0.7001873619259241
5,22,32,10,0.7036428299490953
5,23,32,10,0.7349990199929313
5,24,32,10,0.7521390072125014
5,25,32,10,0.7833785828662913
5,26,32,10,0.8064909961564233
5,27,32,10,0.8119722522180106
5,28,32,10,0.8294410631322766
5,29,32,10,0.8423418546798013
5,30,32,10,0.8281296715053775
5,31,32,10,0.8692113078902792
5,32,32,10,0.8590861777349433
5,33,32,10,0.8721052731559782
5,34,32,10,0.8994352148551152
5,35,32,10,0.883796213532347
5,36,32,10,0.8958451446764266
5,37,32,10,0.8972746876539566
5,38,32,10,0.9037260151619902
5,39,32,10,0.919886815574326
5,40,32,10,0.0
5,41,32,10,0.0
5,42,32,10,0.0
5,43,32,10,0.0
5,44,32,10,0.0
5,45,32,10,0.0
5,46,32,10,0.0
5,47,32,10,0.0
5,48,32,10,0.0
5,49,32,10,0.0
5,5,32,20,0.2503157929011671
5,6,32,20,0.0
5,7,32,20,0.0
5,8,32,20,0.0
5,9,32,20,0.0
5,10,32,20,0.0
5,11,32,20,0.0
5,12,32,20,0.0
5,13,32,20,0.0
5,14,32,20,0.0
5,15,32,20,0.0
5,16,32,20,0.0
5,17,32,20,0.0
5,18,32,20,0.0
5,19,32,20,0.0
5,20,32,20,0.6805562304912314
5,21,32,20,0.6973367507848988
5,22,32,20,0.7195590258125538
5,23,32,20,0.7424959172554298
5,24,32,20,0.7771516466788797
5,25,32,20,0.7595979514679791
5,26,32,20,0.8034231299657248
5,27,32,20,0.7963267835217905
5,28,32,20,0.8259454578634118
5,29,32,20,0.8154708842442862
5,30,32,20,0.8382057932571294
5,31,32,20,0.8204076224454748
5,32,32,20,0.8498921378645748
5,33,32,20,0.8363005235028798
5,34,32,20,0.8781106985824618
5,35,32,20,0.0
5,36,32,20,0.0
5,37,32,20,0.0
5,38,32,20,0.0
5,39,32,20,0.0
5,40,32,20,0.0
5,41,32,20,0.0
5,42,32,20,0.0
5,43,32,20,0.0
5,44,32,20,0.0
5,45,32,20,0.0
5,46,32,20,0.0
5,47,32,20,0.0
5,48,32,20,0.0
5,49,32,20,0.0
5,5,32,30,0.2881542300985938
5,6,32,30,0.0
5,7,32,30,0.0
5,8,32,30,0.0
5,9,32,30,0.0
5,10,32,30,0.0
5,11,32,30,0.0
5,12,32,30,0.0
5,13,32,30,0.0
5,14,32,30,0.0
5,15,32,30,0.0
5,16,32,30,0.0
5,17,32,30,0.0
5,18,32,30,0.0
5,19,32,30,0.0
5,20,32,30,0.690310681079875
5,21,32,30,0.7645995191788466
5,22,32,30,0.7413580159765614
5,23,32,30,0.7406868982498707
5,24,32,30,0.7510689803176623
5,25,32,30,0.7728034365121054
5,26,32,30,0.8107145218211091
5,27,32,30,0.8018655353788186
5,28,32,30,0.8202665158281439
5,29,32,30,0.8110850295350499
5,30,32,30,0.0
5,31,32,30,0.0
5,32,32,30,0.0
5,33,32,30,0.0
5,34,32,30,0.0
5,35,32,30,0.0
5,36,32,30,0.0
5,37,32,30,0.0
5,38,32,30,0.0
5,39,32,30,0.0
5,40,32,30,0.0
5,41,32,30,0.0
5,42,32,30,0.0
5,43,32,30,0.0
5,44,32,30,0.0
5,45,32,30,0.0
5,46,32,30,0.0
5,47,32,30,0.0
5,48,32,30,0.0
5,49,32,30,0.0
5,5,32,40,0.0
5,6,32,40,0.0
5,7,32,40,0.0
5,8,32,40,0.0
5,9,32,40,0.0
5,10,32,40,0.0
5,11,32,40,0.0
5,12,32,40,0.0
5,13,32,40,0.0
5,14,32,40,0.0
5,15,32,40,0.0
5,16,32,40,0.0
5,17,32,40,0.0
5,18,32,40,0.0
5,19,32,40,0.0
5,20,32,40,0.6868127625534753
5,21,32,40,0.7102240631681199
5,22,32,40,0.732539874033159
5,23,32,40,0.7897708834452762
5,24,32,40,0.7512778691976866
5,25,32,40,0.7699557783919065
5,26,32,40,0.7879685185672358
5,27,32,40,0.8148554708679259
5,28,32,40,0.8210299667540599
5,29,32,40,0.7965200657948799
5,30,32,40,0.0
5,31,32,40,0.0
5,32,32,40,0.0
5,33,32,40,0.0
5,34,32,40,0.0
5,35,32,40,0.0
5,36,32,40,0.0
5,37,32,40,0.0
5,38,32,40,0.0
5,39,32,40,0.0
5,40,32,40,0.0
5,41,32,40,0.0
5,42,32,40,0.0
5,43,32,40,0.0
5,44,32,40,0.0
5,45,32,40,0.0
5,46,32,40,0.0
5,47,32,40,0.0
5,48,32,40,0.0
5,49,32,40,0.0
5,5,32,50,0.0
5,6,32,50,0.0
5,7,32,50,0.0
5,8,32,50,0.0
5,9,32,50,0.0
5,10,32,50,0.0
5,11,32,50,0.0
5,12,32,50,0.0
5,13,32,50,0.0
5,14,32,50,0.0
5,15,32,50,0.0
5,16,32,50,0.0
5,17,32,50,0.0
5,18,32,50,0.0
5,19,32,50,0.0
5,20,32,50,0.6550672944411158
5,21,32,50,0.6912665173527982
5,22,32,50,0.716650837871686
5,23,32,50,0.7314611128468178
5,24,32,50,0.7648638327479546
5,25,32,50,0.7562455825351242
5,26,32,50,0.7996160733244471
5,27,32,50,0.7991453173898352
5,28,32,50,0.817094369308413
5,29,32,50,0.8233555572285451
5,30,32,50,0.0
5,31,32,50,0.0
5,32,32,50,0.0
5,33,32,50,0.0
5,34,32,50,0.0
5,35,32,50,0.0
5,36,32,50,0.0
5,37,32,50,0.0
5,38,32,50,0.0
5,39,32,50,0.0
5,40,32,50,0.0
5,41,32,50,0.0
5,42,32,50,0.0
5,43,32,50,0.0
5,44,32,50,0.0
5,45,32,50,0.0
5,46,32,50,0.0
5,47,32,50,0.0
5,48,32,50,0.0
5,49,32,50,0.0
6,30,4,10,0.6210595107959629
6,31,4,10,0.6051245408882603
6,32,4,10,0.6647279895504996
6,33,4,10,0.6686142707900409
6,34,4,10,0.6859018775233456
6,35,4,10,0.6746007304889691
6,36,4,10,0.6703216170553729
6,37,4,10,0.7481528349551079
6,38,4,10,0.7360716920701066
6,39,4,10,0.7350713173249889
6,40,4,10,0.0
6,41,4,10,0.0
6,42,4,10,0.0
6,43,4,10,0.0
6,44,4,10,0.0
6,45,4,10,0.0
6,46,4,10,0.0
6,47,4,10,0.0
6,48,4,10,0.0
6,49,4,10,0.0
6,50,4,10,0.0
6,51,4,10,0.0
6,52,4,10,0.0
6,53,4,10,0.0
6,54,4,10,0.0
6,55,4,10,0.0
6,56,4,10,0.0
6,57,4,10,0.0
6,58,4,10,0.0
6,59,4,10,0.0
6,60,4,10,0.0
6,61,4,10,0.0
6,62,4,10,0.0
6,63,4,10,0.0
6,64,4,10,0.0
6,65,4,10,0.0
6,66,4,10,0.0
6,67,4,10,0.0
6,68,4,10,0.0
6,69,4,10,0.0
6,30,4,20,0.6265846467855286
6,31,4,20,0.6493160813164914
6,32,4,20,0.6449418855089777
6,33,4,20,0.6762813497304971
6,34,4,20,0.6841530720121393
6,35,4,20,0.0
6,36,4,20,0.0
6,37,4,20,0.0
6,38,4,20,0.0
6,39,4,20,0.0
6,40,4,20,0.0
6,41,4,20,0.0
6,42,4,20,0.0
6,43,4,20,0.0
6,44,4,20,0.0
6,45,4,20,0.0
6,46,4,20,0.0
6,47,4,20,0.0
6,48,4,20,0.0
6,49,4,20,0.0
6,50,4,20,0.0
6,51,4,20,0.0
6,52,4,20,0.0
6,53,4,20,0.0
6,54,4,20,0.0
6,55,4,20,0.0
6,56,4,20,0.0
6,57,4,20,0.0
6,58,4,20,0.0
6,59,4,20,0.0
6,60,4,20,0.0
6,61,4,20,0.0
6,62,4,20,0.0
6,63,4,20,0.0
6,64,4,20,0.0
6,65,4,20,0.0
6,66,4,20,0.0
6,67,4,20,0.0
6,68,4,20,0.0
6,69,4,20,0.0
6,30,4,30,0.0
6,31,4,30,0.0
6,32,4,30,0.0
6,33,4,30,0.0
6,34,4,30,0.0
6,35,4,30,0.0
6,36,4,30,0.0
6,37,4,30,0.0
6,38,4,30,0.0
6,39,4,30,0.0
6,40,4,30,0.0
6,41,4,30,0.0
6,42,4,30,0.0
6,43,4,30,0.0
6,44,4,30,0.0
6,45,4,30,0.0
6,46,4,30,0.0
6,47,4,30,0.0
6,48,4,30,0.0
6,49,4,30,0.0
6,50,4,30,0.0
6,51,4,30,0.0
6,52,4,30,0.0
6,53,4,30,0.0
6,54,4,30,0.0
6,55,4,30,0.0
6,56,4,30,0.0
6,57,4,30,0.0
6,58,4,30,0.0
6,59,4,30,0.0
6,60,4,30,0.0
6,61,4,30,0.0
6,62,4,30,0.0
6,63,4,30,0.0
6,64,4,30,0.0
6,65,4,30,0.0
6,66,4,30,0.0
6,67,4,30,0.0
6,68,4,30,0.0
6,69,4,30,0.0
6,30,4,40,0.0
6,31,4,40,0.0
6,32,4,40,0.0
6,33,4,40,0.0
6,34,4,40,0.0
6,35,4,40,0.0
6,36,4,40,0.0
6,37,4,40,0.0
6,38,4,40,0.0
6,39,4,40,0.0
6,40,4,40,0.0
6,41,4,40,0.0
6,42,4,40,0.0
6,43,4,40,0.0
6,44,4,40,0.0
6,45,4,40,0.0
6,46,4,40,0.0
6,47,4,40,0.0
6,48,4,40,0.0
6,49,4,40,0.0
6,50,4,40,0.0
6,51,4,40,0.0
6,52,4,40,0.0
6,53,4,40,0.0
6,54,4,40,0.0
6,55,4,40,0.0
6,56,4,40,0.0
6,57,4,40,0.0
6,58,4,40,0.0
6,59,4,40,0.0
6,60,4,40,0.0
6,61,4,40,0.0
6,62,4,40,0.0
6,63,4,40,0.0
6,64,4,40,0.0
6,65,4,40,0.0
6,66,4,40,0.0
6,67,4,40,0.0
6,68,4,40,0.0
6,69,4,40,0.0
6,30,4,50,0.0
6,31,4,50,0.0
6,32,4,50,0.0
6,33,4,50,0.0
6,34,4,50,0.0
6,35,4,50,0.0
6,36,4,50,0.0
6,37,4,50,0.0
6,38,4,50,0.0
6,39,4,50,0.0
6,40,4,50,0.0
6,41,4,50,0.0
6,42,4,50,0.0
6,43,4,50,0.0
6,44,4,50,0.0
6,45,4,50,0.0
6,46,4,50,0.0
6,47,4,50,0.0
6,48,4,50,0.0
6,49,4,50,0.0
6,50,4,50,0.0
6,51,4,50,0.0
6,52,4,50,0.0
6,53,4,50,0.0
6,54,4,50,0.0
6,55,4,50,0.0
6,56,4,50,0.0
6,57,4,50,0.0
6,58,4,50,0.0
6,59,4,50,0.0
6,60,4,50,0.0
6,61,4,50,0.0
6,62,4,50,0.0
6,63,4,50,0.0
6,64,4,50,0.0
6,65,4,50,0.0
6,66,4,50,0.0
6,67,4,50,0.0
6,68,4,50,0.0
6,69,4,50,0.0
6,30,8,10,0.6399490593430464
6,31,8,10,0.6681776850882202
6,32,8,10,0.6686621456017647
6,33,8,10,0.6855617127436681
6,34,8,10,0.7032252107762849
6,35,8,10,0.7147192496498489
6,36,8,10,0.7304070009689194
6,37,8,10,0.7501988118273164
6,38,8,10,0.737924822966687
6,39,8,10,0.7567967048430316
6,40,8,10,0.0
6,41,8,10,0.0
6,42,8,10,0.0
6,43,8,10,0.0
6,44,8,10,0.0
6,45,8,10,0.0
6,46,8,10,0.0
6,47,8,10,0.0
6,48,8,10,0.0
6,49,8,10,0.0
6,50,8,10,0.0
6,51,8,10,0.0
6,52,8,10,0.0
6,53,8,10,0.0
6,54,8,10,0.0
6,55,8,10,0.0
6,56,8,10,0.0
6,57,8,10,0.0
6,58,8,10,0.0
6,59,8,10,0.0
6,60,8,10,0.0
6,61,8,10,0.0
6,62,8,10,0.0
6,63,8,10,0.0
6,64,8,10,0.0
6,65,8,10,0.0
6,66,8,10,0.0
6,67,8,10,0.0
6,68,8,10,0.0
6,69,8,10,0.0
6,30,8,20,0.6504191742009849
6,31,8,20,0.6697396741099272
6,32,8,20,0.6793994438914331
6,33,8,20,0.7000655205784662
6,34,8,20,0.6909916103945263
6,35,8,20,0.0
6,36,8,20,0.0
6,37,8,20,0.0
6,38,8,20,0.0
6,39,8,20,0.0
6,40,8,20,0.0
6,41,8,20,0.0
6,42,8,20,0.0
6,43,8,20,0.0
6,44,8,20,0.0
6,45,8,20,0.0
6,46,8,20,0.0
6,47,8,20,0.0
6,48,8,20,0.0
6,49,8,20,0.0
6,50,8,20,0.0
6,51,8,20,0.0
6,52,8,20,0.0
6,53,8,20,0.0
6,54,8,20,0.0
6,55,8,20,0.0
6,56,8,20,0.0
6,57,8,20,0.0
6,58,8,20,0.0
6,59,8,20,0.0
6,60,8,20,0.0
6,61,8,20,0.0
6,62,8,20,0.0
6,63,8,20,0.0
6,64,8,20,0.0
6,65,8,20,0.0
6,66,8,20,0.0
6,67,8,20,0.0
6,68,8,20,0.0
6,69,8,20,0.0
6,30,8,30,0.0
6,31,8,30,0.0
6,32,8,30,0.0
6,33,8,30,0.0
6,34,8,30,0.0
6,35,8,30,0.0
6,36,8,30,0.0
6,37,8,30,0.0
6,38,8,30,0.0
6,39,8,30,0.0
6,40,8,30,0.0
6,41,8,30,0.0
6,42,8,30,0.0
6,43,8,30,0.0
6,44,8,30,0.0
6,45,8,30,0.0
6,46,8,30,0.0
6,47,8,30,0.0
6,48,8,30,0.0
6,49,8,30,0.0
6,50,8,30,0.0
6,51,8,30,0.0
6,52,8,30,0.0
6,53,8,30,0.0
6,54,8,30,0.0
6,55,8,30,0.0
6,56,8,30,0.0
6,57,8,30,0.0
6,58,8,30,0.0
6,59,8,30,0.0
6,60,8,30,0.0
6,61,8,30,0.0
6,62,8,30,0.0
6,63,8,30,0.0
6,64,8,30,0.0
6,65,8,30,0.0
6,66,8,30,0.0
6,67,8,30,0.0
6,68,8,30,0.0
6,69,8,30,0.0
6,30,8,40,0.0
6,31,8,40,0.0
6,32,8,40,0.0
6,33,8,40,0.0
6,34,8,40,0.0
6,35,8,40,0.0
6,36,8,40,0.0
6,37,8,40,0.0
6,38,8,40,0.0
6,39,8,40,0.0
6,40,8,40,0.0
6,41,8,40,0.0
6,42,8,40,0.0
6,43,8,40,0.0
6,44,8,40,0.0
6,45,8,40,0.0
6,46,8,40,0.0
6,47,8,40,0.0
6,48,8,40,0.0
6,49,8,40,0.0
6,50,8,40,0.0
6,51,8,40,0.0
6,52,8,40,0.0
6,53,8,40,0.0
6,54,8,40,0.0
6,55,8,40,0.0
6,56,8,40,0.0
6,57,8,40,0.0
6,58,8,40,0.0
6,59,8,40,0.0
6,60,8,40,0.0
6,61,8,40,0.0
6,62,8,40,0.0
6,63,8,40,0.0
6,64,8,40,0.0
6,65,8,40,0.0
6,66,8,40,0.0
6,67,8,40,0.0
6,68,8,40,0.0
6,69,8,40,0.0
6,30,8,50,0.0
6,31,8,50,0.0
6,32,8,50,0.0
6,33,8,50,0.0
6,34,8,50,0.0
6,35,8,50,0.0
6,36,8,50,0.0
6,37,8,50,0.0
6,38,8,50,0.0
6,39,8,50,0.0
6,40,8,50,0.0
6,41,8,50,0.0
6,42,8,50,0.0
6,43,8,50,0.0
6,44,8,50,0.0
6,45,8,50,0.0
6,46,8,50,0.0
6,47,8,50,0.0
6,48,8,50,0.0
6,49,8,50,0.0
6,50,8,50,0.0
6,51,8,50,0.0
6,52,8,50,0.0
6,53,8,50,0.0
6,54,8,50,0.0
6,55,8,50,0.0
6,56,8,50,0.0
6,57,8,50,0.0
6,58,8,50,0.0
6,59,8,50,0.0
6,60,8,50,0.0
6,61,8,50,0.0
6,62,8,50,0.0
6,63,8,50,0.0
6,64,8,50,0.0
6,65,8,50,0.0
6,66,8,50,0.0
6,67,8,50,0.0
6,68,8,50,0.0
6,69,8,50,0.0
6,30,16,10,0.6382206102973436
6,31,16,10,0.66824449103356
6,32,16,10,0.690175996512104
6,33,16,10,0.6873998218516131
6,34,16,10,0.7238038031244092
6,35,16,10,0.7211056023261172
6,36,16,10,0.7260725178432108
6,37,16,10,0.7405912819528885
6,38,16,10,0.7439959403683447
6,39,16,10,0.7632349025111459
6,40,16,10,0.0
6,41,16,10,0.0
6,42,16,10,0.0
6,43,16,10,0.0
6,44,16,10,0.0
6,45,16,10,0.0
6,46,16,10,0.0
6,47,16,10,0.0
6,48,16,10,0.0
6,49,16,10,0.0
6,50,16,10,0.0
6,51,16,10,0.0
6,52,16,10,0.0
6,53,16,10,0.0
6,54,16,10,0.0
6,55,16,10,0.0
6,56,16,10,0.0
6,57,16,10,0.0
6,58,16,10,0.0
6,59,16,10,0.0
6,60,16,10,0.0
6,61,16,10,0.0
6,62,16,10,0.0
6,63,16,10,0.0
6,64,16,10,0.0
6,65,16,10,0.0
6,66,16,10,0.0
6,67,16,10,0.0
6,68,16,10,0.0
6,69,16,10,0.0
6,30,16,20,0.6544543384709545
6,31,16,20,0.6397619141539005
6,32,16,20,0.6643780415262016
6,33,16,20,0.6735211910526067
6,34,16,20,0.0
6,35,16,20,0.0
6,36,16,20,0.0
6,37,16,20,0.0
6,38,16,20,0.0
6,39,16,20,0.0
6,40,16,20,0.0
6,41,16,20,0.0
6,42,16,20,0.0
6,43,16,20,0.0
6,44,16,20,0.0
6,45,16,20,0.0
6,46,16,20,0.0
6,47,16,20,0.0
6,48,16,20,0.0
6,49,16,20,0.0
6,50,16,20,0.0
6,51,16,20,0.0
6,52,16,20,0.0
6,53,16,20,0.0
6,54,16,20,0.0
6,55,16,20,0.0
6,56,16,20,0.0
6,57,16,20,0.0
6,58,16,20,0.0
6,59,16,20,0.0
6,60,16,20,0.0
6,61,16,20,0.0
6,62,16,20,0.0
6,63,16,20,0.0
6,64,16,20,0.0
6,65,16,20,0.0
6,66,16,20,0.0
6,67,16,20,0.0
6,68,16,20,0.0
6,69,16,20,0.0
6,30,16,30,0.0
6,31,16,30,0.0
6,32,16,30,0.0
6,33,16,30,0.0
6,34,16,30,0.0
6,35,16,30,0.0
6,36,16,30,0.0
6,37,16,30,0.0
6,38,16,30,0.0
6,39,16,30,0.0
6,40,16,30,0.0
6,41,16,30,0.0
6,42,16,30,0.0
6,43,16,30,0.0
6,44,16,30,0.0
6,45,16,30,0.0
6,46,16,30,0.0
6,47,16,30,0.0
6,48,16,30,0.0
6,49,16,30,0.0
6,50,16,30,0.0
6,51,16,30,0.0
6,52,16,30,0.0
6,53,16,30,0.0
6,54,16,30,0.0
6,55,16,30,0.0
6,56,16,30,0.0
6,57,16,30,0.0
6,58,16,30,0.0
6,59,16,30,0.0
6,60,16,30,0.0
6,61,16,30,0.0
6,62,16,30,0.0
6,63,16,30,0.0
6,64,16,30,0.0
6,65,16,30,0.0
6,66,16,30,0.0
6,67,16,30,0.0
6,68,16,30,0.0
6,69,16,30,0.0
6,30,16,40,0.0
6,31,16,40,0.0
6,32,16,40,0.0
6,33,16,40,0.0
6,34,16,40,0.0
6,35,16,40,0.0
6,36,16,40,0.0
6,37,16,40,0.0
6,38,16,40,0.0
6,39,16,40,0.0
6,40,16,40,0.0
6,41,16,40,0.0
6,42,16,40,0.0
6,43,16,40,0.0
6,44,16,40,0.0
6,45,16,40,0.0
6,46,16,40,0.0
6,47,16,40,0.0
6,48,16,40,0.0
6,49,16,40,0.0
6,50,16,40,0.0
6,51,16,40,0.0
6,52,16,40,0.0
6,53,16,40,0.0
6,54,16,40,0.0
6,55,16,40,0.0
6,56,16,40,0.0
6,57,16,40,0.0
6,58,16,40,0.0
6,59,16,40,0.0
6,60,16,40,0.0
6,61,16,40,0.0
6,62,16,40,0.0
6,63,16,40,0.0
6,64,16,40,0.0
6,65,16,40,0.0
6,66,16,40,0.0
6,67,16,40,0.0
6,68,16,40,0.0
6,69,16,40,0.0
6,30,16,50,0.0
6,31,16,50,0.0
6,32,16,50,0.0
6,33,16,50,0.0
6,34,16,50,0.0
6,35,16,50,0.0
6,36,16,50,0.0
6,37,16,50,0.0
6,38,16,50,0.0
6,39,16,50,0.0
6,40,16,50,0.0
6,41,16,50,0.0
6,42,16,50,0.0
6,43,16,50,0.0
6,44,16,50,0.0
6,45,16,50,0.0
6,46,16,50,0.0
6,47,16,50,0.0
6,48,16,50,0.0
6,49,16,50,0.0
6,50,16,50,0.0
6,51,16,50,0.0
6,52,16,50,0.0
6,53,16,50,0.0
6,54,16,50,0.0
6,55,16,50,0.0
6,56,16,50,0.0
6,57,16,50,0.0
6,58,16,50,0.0
6,59,16,50,0.0
6,60,16,50,0.0
6,61,16,50,0.0
6,62,16,50,0.0
6,63,16,50,0.0
6,64,16,50,0.0
6,65,16,50,0.0
6,66,16,50,0.0
6,67,16,50,0.0
6,68,16,50,0.0
6,69,16,50,0.0
6,30,32,10,0.6455710818496082
6,31,32,10,0.646509635235163
6,32,32,10,0.6990513900144004
6,33,32,10,0.6795050507021577
6,34,32,10,0.7056535652814275
6,35,32,10,0.6965561003026712
6,36,32,10,0.748751692813665
6,37,32,10,0.7242730979850954
6,38,32,10,0.7456729121585384
6,39,32,10,0.7661982475042992
6,40,32,10,0.0
6,41,32,10,0.0
6,42,32,10,0.0
6,43,32,10,0.0
6,44,32,10,0.0
6,45,32,10,0.0
6,46,32,10,0.0
6,47,32,10,0.0
6,48,32,10,0.0
6,49,32,10,0.0
6,50,32,10,0.0
6,51,32,10,0.0
6,52,32,10,0.0
6,53,32,10,0.0
6,54,32,10,0.0
6,55,32,10,0.0
6,56,32,10,0.0
6,57,32,10,0.0
6,58,32,10,0.0
6,59,32,10,0.0
6,60,32,10,0.0
6,61,32,10,0.0
6,62,32,10,0.0
6,63,32,10,0.0
6,64,32,10,0.0
6,65,32,10,0.0
6,66,32,10,0.0
6,67,32,10,0.0
6,68,32,10,0.0
6,69,32,10,0.0
6,30,32,20,0.6695104492674367
6,31,32,20,0.0
6,32,32,20,0.0
6,33,32,20,0.0
6,34,32,20,0.0
6,35,32,20,0.0
6,36,32,20,0.0
6,37,32,20,0.0
6,38,32,20,0.0
6,39,32,20,0.0
6,40,32,20,0.0
6,41,32,20,0.0
6,42,32,20,0.0
6,43,32,20,0.0
6,44,32,20,0.0
6,45,32,20,0.0
6,46,32,20,0.0
6,47,32,20,0.0
6,48,32,20,0.0
6,49,32,20,0.0
6,50,32,20,0.0
6,51,32,20,0.0
6,52,32,20,0.0
6,53,32,20,0.0
6,54,32,20,0.0
6,55,32,20,0.0
6,56,32,20,0.0
6,57,32,20,0.0
6,58,32,20,0.0
6,59,32,20,0.0
6,60,32,20,0.0
6,61,32,20,0.0
6,62,32,20,0.0
6,63,32,20,0.0
6,64,32,20,0.0
6,65,32,20,0.0
6,66,32,20,0.0
6,67,32,20,0.0
6,68,32,20,0.0
6,69,32,20,0.0
6,30,32,30,0.0
6,31,32,30,0.0
6,32,32,30,0.0
6,33,32,30,0.0
6,34,32,30,0.0
6,35,32,30,0.0
6,36,32,30,0.0
6,37,32,30,0.0
6,38,32,30,0.0
6,39,32,30,0.0
6,40,32,30,0.0
6,41,32,30,0.0
6,42,32,30,0.0
6,43,32,30,0.0
6,44,32,30,0.0
6,45,32,30,0.0
6,46,32,30,0.0
6,47,32,30,0.0
6,48,32,30,0.0
6,49,32,30,0.0
6,50,32,30,0.0
6,51,32,30,0.0
6,52,32,30,0.0
6,53,32,30,0.0
6,54,32,30,0.0
6,55,32,30,0.0
6,56,32,30,0.0
6,57,32,30,0.0
6,58,32,30,0.0
6,59,32,30,0.0
6,60,32,30,0.0
6,61,32,30,0.0
6,62,32,30,0.0
6,63,32,30,0.0
6,64,32,30,0.0
6,65,32,30,0.0
6,66,32,30,0.0
6,67,32,30,0.0
6,68,32,30,0.0
6,69,32,30,0.0
6,30,32,40,0.0
6,31,32,40,0.0
6,32,32,40,0.0
6,33,32,40,0.0
6,34,32,40,0.0
6,35,32,40,0.0
6,36,32,40,0.0
6,37,32,40,0.0
6,38,32,40,0.0
6,39,32,40,0.0
6,40,32,40,0.0
6,41,32,40,0.0
6,42,32,40,0.0
6,43,32,40,0.0
6,44,32,40,0.0
6,45,32,40,0.0
6,46,32,40,0.0
6,47,32,40,0.0
6,48,32,40,0.0
6,49,32,40,0.0
6,50,32,40,0.0
6,51,32,40,0.0
6,52,32,40,0.0
6,53,32,40,0.0
6,54,32,40,0.0
6,55,32,40,0.0
6,56,32,40,0.0
6,57,32,40,0.0
6,58,32,40,0.0
6,59,32,40,0.0
6,60,32,40,0.0
6,61,32,40,0.0
6,62,32,40,0.0
6,63,32,40,0.0
6,64,32,40,0.0
6,65,32,40,0.0
6,66,32,40,0.0
6,67,32,40,0.0
6,68,32,40,0.0
6,69,32,40,0.0
6,30,32,50,0.0
6,31,32,50,0.0
6,32,32,50,0.0
6,33,32,50,0.0
6,34,32,50,0.0
6,35,32,50,0.0
6,36,32,50,0.0
6,37,32,50,0.0
6,38,32,50,0.0
6,39,32,50,0.0
6,40,32,50,0.0
6,41,32,50,0.0
6,42,32,50,0.0
6,43,32,50,0.0
6,44,32,50,0.0
6,45,32,50,0.0
6,46,32,50,0.0
6,47,32,50,0.0
6,48,32,50,0.0
6,49,32,50,0.0
6,50,32,50,0.0
6,51,32,50,0.0
6,52,32,50,0.0
6,53,32,50,0.0
6,54,32,50,0.0
6,55,32,50,0.0
6,56,32,50,0.0
6,57,32,50,0.0
6,58,32,50,0.0
6,59,32,50,0.0
6,60,32,50,0.0
6,61,32,50,0.0
6,62,32,50,0.0
6,63,32,50,0.0
6,64,32,50,0.0
6,65,32,50,0.0
6,66,32,50,0.0
6,67,32,50,0.0
6,68,32,50,0.0
6,69,32,50,0.0
