n,d,n_circuit,n_gen,risk,cost
2,2,4,10,0.0011850839999999,0.6151997692463842
2,3,4,10,0.0125102245,0.7104076129221115
2,2,4,20,0.0062484375,0.6482425399543976
2,3,4,20,0.003126922,0.702620380913173
2,2,4,30,0.006158959,0.6389175519917101
2,3,4,30,0.0060359635,0.6837144095960224
2,2,4,40,0.0,0.0
2,3,4,40,0.0,0.0
2,2,4,50,0.0,0.0
2,3,4,50,0.0,0.0
2,2,8,10,0.0,0.0
2,3,8,10,0.0,0.0
2,2,8,20,0.0,0.0
2,3,8,20,0.0,0.0
2,2,8,30,0.0,0.0
2,3,8,30,0.0,0.0
2,2,8,40,0.0,0.0
2,3,8,40,0.0,0.0
2,2,8,50,0.0,0.0
2,3,8,50,0.0,0.0
2,2,16,10,0.0,0.0
2,3,16,10,0.0,0.0
2,2,16,20,0.0,0.0
2,3,16,20,0.0,0.0
2,2,16,30,0.0,0.0
2,3,16,30,0.0,0.0
2,2,16,40,0.0,0.0
2,3,16,40,0.0,0.0
2,2,16,50,0.0,0.0
2,3,16,50,0.0,0.0
2,2,32,10,0.0,0.0
2,3,32,10,0.0,0.0
2,2,32,20,0.0,0.0
2,3,32,20,0.0,0.0
2,2,32,30,0.0,0.0
2,3,32,30,0.0,0.0
2,2,32,40,0.0,0.0
2,3,32,40,0.0,0.0
2,2,32,50,0.0,0.0
2,3,32,50,0.0,0.0
3,5,4,10,0.001681146,0.5610561790879968
3,6,4,10,0.0003025715,0.6870700555402953
3,7,4,10,0.0014459489999999,0.725024570123136
3,8,4,10,0.0026751179999999,0.7155370129072798
3,9,4,10,0.0005844414999999,0.7742544815925148
3,10,4,10,1.6805000000000036e-06,0.7845348916884609
3,11,4,10,6.006500000000009e-06,0.8541591161939058
3,12,4,10,1.0913500000000008e-05,0.8589876911031542
3,13,4,10,0.0004423205,0.8134515338802915
3,14,4,10,5.7509999999999946e-06,0.9014313945492224
3,5,4,20,0.0029071975,0.4433468328218211
3,6,4,20,0.001983669,0.6830078107097058
3,7,4,20,0.0003070949999999,0.7529005200329661
3,8,4,20,0.0039869625,0.8149669063775564
3,9,4,20,0.0001896,0.7869859798986938
3,10,4,20,0.0001294285,0.8133920876595881
3,11,4,20,0.0041111889999999,0.7986495366657668
3,12,4,20,3.917000000000005e-06,0.8060287955555088
3,13,4,20,2.4830000000000057e-06,0.869255334148175
3,14,4,20,4.479000000000001e-06,0.9045967157385048
3,5,4,30,0.0010007969999999,0.6193476387535839
3,6,4,30,0.0001028744999999,0.7018875649056506
3,7,4,30,0.0031524615,0.6510692819078161
3,8,4,30,0.0005841805,0.6247144663175253
3,9,4,30,0.0012440464999999,0.7676378386594307
3,10,4,30,4.857649999999999e-05,0.7525363224093413
3,11,4,30,2.9275000000000003e-05,0.8073812090981336
3,12,4,30,0.0001477535,0.8281521149327885
3,13,4,30,1.5529999999999905e-06,0.864456230699506
3,14,4,30,1.9915499999999976e-05,0.8067601275678908
3,5,4,40,0.0012177609999999,0.5820599411140693
3,6,4,40,0.0013613385,0.6693385104275033
3,7,4,40,0.001448269,0.6403588182653938
3,8,4,40,0.0011660384999999,0.6802294423222224
3,9,4,40,4.5395499999999976e-05,0.7518657502781154
3,10,4,40,0.001039011,0.7724204228147291
3,11,4,40,2.3718999999999984e-05,0.8048696857397173
3,12,4,40,3.290750000000001e-05,0.8506566263760307
3,13,4,40,2.5595500000000016e-05,0.8919553791055375
3,14,4,40,6.730999999999998e-06,0.921431808169232
3,5,4,50,0.003945753,0.5562608800654918
3,6,4,50,0.000537627,0.6895641091926332
3,7,4,50,0.001412846,0.68457614640514
3,8,4,50,0.0012068455,0.7745747584407375
3,9,4,50,0.000616421,0.6256354747487183
3,10,4,50,0.000280409,0.8072776675727491
3,11,4,50,1.0024500000000002e-05,0.7924435297914914
3,12,4,50,1.0459999999999954e-05,0.8491323795013956
3,13,4,50,8.847999999999994e-06,0.875991619944851
3,14,4,50,1.0375000000000038e-06,0.8501429263151461
3,5,8,10,0.000566349,0.6346581608084044
3,6,8,10,0.0026831124999999,0.6560829238813966
3,7,8,10,0.0011828275,0.688289750250585
3,8,8,10,0.0001317545,0.762138496887441
3,9,8,10,0.0008513555,0.7338201962093615
3,10,8,10,0.000670117,0.8333516739731008
3,11,8,10,1.1984000000000036e-05,0.8878790201021072
3,12,8,10,3.1694999999999846e-06,0.8590239542071665
3,13,8,10,2.925000000000012e-07,0.9030712514230764
3,14,8,10,1.1176999999999985e-05,0.9116223072497156
3,5,8,20,9.840349999999998e-05,0.631515056470068
3,6,8,20,0.001884827,0.6560507682811967
3,7,8,20,0.000997259,0.698703846149125
3,8,8,20,0.0006316789999999,0.718043065461364
3,9,8,20,0.0006930869999999,0.8221738130190893
3,10,8,20,1.4111499999999978e-05,0.7836347306748394
3,11,8,20,5.394799999999991e-05,0.8793082772347155
3,12,8,20,4.109349999999998e-05,0.8658184903797836
3,13,8,20,1.019e-06,0.8709113527459167
3,14,8,20,1.333100000000008e-05,0.8814232222905309
3,5,8,30,0.0020003855,0.6651052282576693
3,6,8,30,0.003205591,0.645441830070102
3,7,8,30,0.0027265865,0.7730093587617703
3,8,8,30,0.005487003,0.7798218768010254
3,9,8,30,2.1411499999999976e-05,0.7172226904097628
3,10,8,30,0.0001701795,0.8118486310474449
3,11,8,30,1.5050499999999986e-05,0.8315772051568991
3,12,8,30,3.8790000000000166e-06,0.8512150980370168
3,13,8,30,2.7854999999999943e-06,0.9191544733235488
3,14,8,30,1.1884999999999992e-05,0.9094967053365997
3,5,8,40,0.0003524299999999,0.6578771338650131
3,6,8,40,0.000747447,0.646380731807086
3,7,8,40,0.0007152554999999,0.680436999775313
3,8,8,40,0.0004123894999999,0.7727680759799651
3,9,8,40,0.0002296515,0.7609183871705419
3,10,8,40,5.587750000000015e-05,0.8287235218617495
3,11,8,40,0.000630457,0.8229949887787849
3,12,8,40,1.0988500000000012e-05,0.8242540887905816
3,13,8,40,5.134500000000002e-06,0.8993226990111192
3,14,8,40,6.53950000000003e-06,0.8814078947975542
3,5,8,50,0.000763857,0.6844271758770184
3,6,8,50,0.0004242574999999,0.6461257685424405
3,7,8,50,0.0008563725,0.6704281016400281
3,8,8,50,1.3165000000000004e-05,0.7928827326787584
3,9,8,50,0.0030678894999999,0.7577676819046593
3,10,8,50,0.000749583,0.791963022127453
3,11,8,50,0.0017624554999999,0.8003266150032655
3,12,8,50,2.6254999999999946e-06,0.8986445242960004
3,13,8,50,6.88300000000001e-06,0.9308883191837988
3,14,8,50,4.618499999999993e-06,0.9041382228982158
3,5,16,10,0.001535077,0.6617295493807902
3,6,16,10,7.4129e-05,0.7806966018833775
3,7,16,10,0.0001312069999999,0.7728799867036106
3,8,16,10,0.001685638,0.7532660148813062
3,9,16,10,3.224500000000004e-06,0.7702182218439668
3,10,16,10,1.1071499999999984e-05,0.8873724410361813
3,11,16,10,7.73275e-05,0.8569771621958724
3,12,16,10,2.8738000000000025e-05,0.8186995920961374
3,13,16,10,3.940499999999995e-06,0.8865335465071673
3,14,16,10,3.6075e-06,0.9027109986266456
3,5,16,20,0.000426373,0.6759547639098036
3,6,16,20,9.3305e-05,0.6539116559346294
3,7,16,20,0.000722222,0.6952251426957249
3,8,16,20,0.0007464695,0.8097435354284934
3,9,16,20,8.48255000000001e-05,0.8058107401760148
3,10,16,20,2.969999999999998e-06,0.852052131987716
3,11,16,20,5.051999999999999e-06,0.8539992623431694
3,12,16,20,3.7879999999999936e-06,0.8783440277103922
3,13,16,20,4.964000000000003e-05,0.855701418982284
3,14,16,20,1.716299999999999e-05,0.9047378708168315
3,5,16,30,0.0052393629999999,0.6429840236433644
3,6,16,30,0.000273611,0.7705772879061132
3,7,16,30,0.000653963,0.6689078839073301
3,8,16,30,0.001900302,0.7199890715529988
3,9,16,30,0.0001341015,0.8452608565913801
3,10,16,30,0.0002025485,0.8076033609670134
3,11,16,30,3.55499999999999e-07,0.9032141291153292
3,12,16,30,7.801499999999993e-06,0.8852335978581909
3,13,16,30,1.1298500000000004e-05,0.8960348921290364
3,14,16,30,1.0902000000000002e-05,0.9006921365069628
3,5,16,40,0.0026259504999999,0.6834469784098366
3,6,16,40,0.009681107,0.6507465343316953
3,7,16,40,7.847750000000001e-05,0.7097727804324485
3,8,16,40,0.0007400175,0.7504846835858632
3,9,16,40,0.0005323989999999,0.793302044039342
3,10,16,40,0.0011489765,0.7942026210708388
3,11,16,40,0.00024744,0.8046507296750189
3,12,16,40,1.1207999999999997e-05,0.8415218861790665
3,13,16,40,4.739499999999995e-06,0.8744465216700581
3,14,16,40,9.43499999999999e-07,0.898414857223551
3,5,16,50,0.0050579569999999,0.6944085738264023
3,6,16,50,3.227600000000001e-05,0.7391353726382869
3,7,16,50,0.0017425815,0.7085310611286928
3,8,16,50,0.0074341865,0.7066677215926498
3,9,16,50,8.683000000000012e-06,0.815178156034999
3,10,16,50,4.394999999999996e-07,0.7721882850706911
3,11,16,50,1.8715000000000027e-06,0.8826369995075897
3,12,16,50,9.03995e-05,0.8830712446817233
3,13,16,50,6.813000000000031e-06,0.9161910204821888
3,14,16,50,1.3094999999999908e-06,0.8823051299786714
3,5,32,10,0.001200743,0.6473557713397421
3,6,32,10,0.0012037355,0.6947345717023372
3,7,32,10,2.101849999999997e-05,0.7403888974330828
3,8,32,10,0.0012039954999999,0.7281435377719465
3,9,32,10,1.49455e-05,0.8171207835934483
3,10,32,10,8.465750000000003e-05,0.8250672194149485
3,11,32,10,0.0001948795,0.8595376372603776
3,12,32,10,2.169000000000003e-06,0.9252971280526532
3,13,32,10,7.508999999999988e-06,0.9023659853808536
3,14,32,10,7.749000000000024e-06,0.9093619227239464
3,5,32,20,0.0030139529999999,0.6356096309223902
3,6,32,20,0.000784363,0.7660640103088083
3,7,32,20,0.000274351,0.7230671285162896
3,8,32,20,0.000165166,0.8126192829953915
3,9,32,20,1.454499999999999e-06,0.8567073251393733
3,10,32,20,2.106499999999995e-06,0.8154390943303271
3,11,32,20,1.725500000000001e-06,0.901783246650908
3,12,32,20,1.2363e-05,0.8798162723170556
3,13,32,20,2.3883500000000003e-05,0.8714298419931042
3,14,32,20,2.2280000000000056e-06,0.931457165738892
3,5,32,30,0.0004027429999999,0.6744144085115606
3,6,32,30,0.0013173594999999,0.6998054024902889
3,7,32,30,7.1370000000000165e-06,0.7513293749963359
3,8,32,30,5.462350000000006e-05,0.7874867891271399
3,9,32,30,0.0001415379999999,0.8331281847562753
3,10,32,30,1.5565999999999993e-05,0.8179192728408042
3,11,32,30,1.822749999999995e-05,0.8720821571591264
3,12,32,30,1.0145000000000027e-05,0.90623807309808
3,13,32,30,2.953000000000001e-06,0.918114052723442
3,14,32,30,8.553500000000012e-06,0.9075309720175488
3,5,32,40,9.804549999999994e-05,0.6879924966263017
3,6,32,40,0.0020172555,0.6693709445256492
3,7,32,40,0.0001296705,0.7413603218665313
3,8,32,40,0.0001042809999999,0.8019446257344833
3,9,32,40,2.46395e-05,0.8586748696246991
3,10,32,40,3.0133499999999995e-05,0.8721026127505755
3,11,32,40,5.40899999999999e-06,0.8718875308592123
3,12,32,40,0.000156307,0.8843231233045575
3,13,32,40,1.6049999999999952e-06,0.9120317950117632
3,14,32,40,2.3714999999999967e-06,0.9117278657889092
3,5,32,50,0.0020161655,0.7007577242136206
3,6,32,50,0.001736016,0.7106491471915944
3,7,32,50,0.0036585975,0.7296740361832084
3,8,32,50,0.0001060899999999,0.8086749452446998
3,9,32,50,3.431500000000008e-06,0.827274185997109
3,10,32,50,9.715499999999995e-06,0.7950263679131638
3,11,32,50,3.2039999999999963e-06,0.8789247809920248
3,12,32,50,1.0887000000000016e-05,0.8903166537670838
3,13,32,50,1.3994999999999997e-06,0.9077643024331497
3,14,32,50,1.1335000000000007e-06,0.9260998677809422
4,10,4,10,0.0,0.0
4,11,4,10,0.0,0.0
4,12,4,10,0.0,0.0
4,13,4,10,0.0,0.0
4,14,4,10,0.0,0.0
4,15,4,10,0.0,0.7268900000000001
4,16,4,10,0.0,0.77329
4,17,4,10,0.0,0.79145
4,18,4,10,0.0,0.0
4,19,4,10,0.0,0.0
4,20,4,10,0.0,0.0
4,21,4,10,0.0,0.0
4,22,4,10,0.0,0.0
4,23,4,10,0.0,0.0
4,24,4,10,0.0,0.0
4,25,4,10,0.0,0.0
4,26,4,10,0.0,0.0
4,27,4,10,0.0,0.0
4,28,4,10,0.0,0.0
4,29,4,10,0.0,0.0
4,10,4,20,0.0,0.0
4,11,4,20,0.0,0.0
4,12,4,20,0.0,0.0
4,13,4,20,0.0,0.0
4,14,4,20,0.0,0.0
4,15,4,20,0.0,0.6880299999999999
4,16,4,20,0.0,0.7206899999999999
4,17,4,20,0.0,0.74902
4,18,4,20,0.0,0.0
4,19,4,20,0.0,0.0
4,20,4,20,0.0,0.0
4,21,4,20,0.0,0.0
4,22,4,20,0.0,0.0
4,23,4,20,0.0,0.0
4,24,4,20,0.0,0.0
4,25,4,20,0.0,0.0
4,26,4,20,0.0,0.0
4,27,4,20,0.0,0.0
4,28,4,20,0.0,0.0
4,29,4,20,0.0,0.0
4,10,4,30,0.0,0.0
4,11,4,30,0.0,0.0
4,12,4,30,0.0,0.0
4,13,4,30,0.0,0.0
4,14,4,30,0.0,0.0
4,15,4,30,0.0,0.7264200000000001
4,16,4,30,0.0,0.69579
4,17,4,30,0.0,0.7276
4,18,4,30,0.0,0.0
4,19,4,30,0.0,0.0
4,20,4,30,0.0,0.0
4,21,4,30,0.0,0.0
4,22,4,30,0.0,0.0
4,23,4,30,0.0,0.0
4,24,4,30,0.0,0.0
4,25,4,30,0.0,0.0
4,26,4,30,0.0,0.0
4,27,4,30,0.0,0.0
4,28,4,30,0.0,0.0
4,29,4,30,0.0,0.0
4,10,4,40,0.0,0.0
4,11,4,40,0.0,0.0
4,12,4,40,0.0,0.0
4,13,4,40,0.0,0.0
4,14,4,40,0.0,0.0
4,15,4,40,0.0,0.7366900000000001
4,16,4,40,0.0,0.77063
4,17,4,40,0.0,0.7702100000000001
4,18,4,40,0.0,0.8433900000000001
4,19,4,40,0.0,0.0
4,20,4,40,0.0,0.0
4,21,4,40,0.0,0.0
4,22,4,40,0.0,0.0
4,23,4,40,0.0,0.0
4,24,4,40,0.0,0.0
4,25,4,40,0.0,0.0
4,26,4,40,0.0,0.0
4,27,4,40,0.0,0.0
4,28,4,40,0.0,0.0
4,29,4,40,0.0,0.0
4,10,4,50,0.0,0.0
4,11,4,50,0.0,0.0
4,12,4,50,0.0,0.0
4,13,4,50,0.0,0.0
4,14,4,50,0.0,0.0
4,15,4,50,0.0,0.73368
4,16,4,50,0.0,0.7255999999999999
4,17,4,50,0.0,0.7200599999999999
4,18,4,50,0.0,0.0
4,19,4,50,0.0,0.0
4,20,4,50,0.0,0.0
4,21,4,50,0.0,0.0
4,22,4,50,0.0,0.0
4,23,4,50,0.0,0.0
4,24,4,50,0.0,0.0
4,25,4,50,0.0,0.0
4,26,4,50,0.0,0.0
4,27,4,50,0.0,0.0
4,28,4,50,0.0,0.0
4,29,4,50,0.0,0.0
4,10,8,10,0.0,0.0
4,11,8,10,0.0,0.0
4,12,8,10,0.0,0.0
4,13,8,10,0.0,0.0
4,14,8,10,0.0,0.0
4,15,8,10,0.0,0.71211
4,16,8,10,0.0,0.75376
4,17,8,10,0.0,0.76298
4,18,8,10,0.0,0.0
4,19,8,10,0.0,0.0
4,20,8,10,0.0,0.0
4,21,8,10,0.0,0.0
4,22,8,10,0.0,0.0
4,23,8,10,0.0,0.0
4,24,8,10,0.0,0.0
4,25,8,10,0.0,0.0
4,26,8,10,0.0,0.0
4,27,8,10,0.0,0.0
4,28,8,10,0.0,0.0
4,29,8,10,0.0,0.0
4,10,8,20,0.0,0.0
4,11,8,20,0.0,0.0
4,12,8,20,0.0,0.0
4,13,8,20,0.0,0.0
4,14,8,20,0.0,0.0
4,15,8,20,0.0,0.76893
4,16,8,20,0.0,0.7550299999999999
4,17,8,20,0.0,0.8356199999999999
4,18,8,20,0.0,0.0
4,19,8,20,0.0,0.0
4,20,8,20,0.0,0.0
4,21,8,20,0.0,0.0
4,22,8,20,0.0,0.0
4,23,8,20,0.0,0.0
4,24,8,20,0.0,0.0
4,25,8,20,0.0,0.0
4,26,8,20,0.0,0.0
4,27,8,20,0.0,0.0
4,28,8,20,0.0,0.0
4,29,8,20,0.0,0.0
4,10,8,30,0.0,0.0
4,11,8,30,0.0,0.0
4,12,8,30,0.0,0.0
4,13,8,30,0.0,0.0
4,14,8,30,0.0,0.0
4,15,8,30,0.0,0.7311
4,16,8,30,0.0,0.7367999999999999
4,17,8,30,0.0,0.73835
4,18,8,30,0.0,0.0
4,19,8,30,0.0,0.0
4,20,8,30,0.0,0.0
4,21,8,30,0.0,0.0
4,22,8,30,0.0,0.0
4,23,8,30,0.0,0.0
4,24,8,30,0.0,0.0
4,25,8,30,0.0,0.0
4,26,8,30,0.0,0.0
4,27,8,30,0.0,0.0
4,28,8,30,0.0,0.0
4,29,8,30,0.0,0.0
4,10,8,40,0.0,0.0
4,11,8,40,0.0,0.0
4,12,8,40,0.0,0.0
4,13,8,40,0.0,0.0
4,14,8,40,0.0,0.0
4,15,8,40,0.0,0.7848
4,16,8,40,0.0,0.7849299999999999
4,17,8,40,0.0,0.7906899999999999
4,18,8,40,0.0,0.0
4,19,8,40,0.0,0.0
4,20,8,40,0.0,0.0
4,21,8,40,0.0,0.0
4,22,8,40,0.0,0.0
4,23,8,40,0.0,0.0
4,24,8,40,0.0,0.0
4,25,8,40,0.0,0.0
4,26,8,40,0.0,0.0
4,27,8,40,0.0,0.0
4,28,8,40,0.0,0.0
4,29,8,40,0.0,0.0
4,10,8,50,0.0,0.0
4,11,8,50,0.0,0.0
4,12,8,50,0.0,0.0
4,13,8,50,0.0,0.0
4,14,8,50,0.0,0.0
4,15,8,50,0.0,0.70458
4,16,8,50,0.0,0.7155799999999999
4,17,8,50,0.0,0.7773500000000001
4,18,8,50,0.0,0.0
4,19,8,50,0.0,0.0
4,20,8,50,0.0,0.0
4,21,8,50,0.0,0.0
4,22,8,50,0.0,0.0
4,23,8,50,0.0,0.0
4,24,8,50,0.0,0.0
4,25,8,50,0.0,0.0
4,26,8,50,0.0,0.0
4,27,8,50,0.0,0.0
4,28,8,50,0.0,0.0
4,29,8,50,0.0,0.0
4,10,16,10,0.0,0.0
4,11,16,10,0.0,0.0
4,12,16,10,0.0,0.0
4,13,16,10,0.0,0.0
4,14,16,10,0.0,0.0
4,15,16,10,0.0,0.72209
4,16,16,10,0.0,0.81003
4,17,16,10,0.0,0.7894
4,18,16,10,0.0,0.0
4,19,16,10,0.0,0.0
4,20,16,10,0.0,0.0
4,21,16,10,0.0,0.0
4,22,16,10,0.0,0.0
4,23,16,10,0.0,0.0
4,24,16,10,0.0,0.0
4,25,16,10,0.0,0.0
4,26,16,10,0.0,0.0
4,27,16,10,0.0,0.0
4,28,16,10,0.0,0.0
4,29,16,10,0.0,0.0
4,10,16,20,0.0,0.0
4,11,16,20,0.0,0.0
4,12,16,20,0.0,0.0
4,13,16,20,0.0,0.0
4,14,16,20,0.0,0.0
4,15,16,20,0.0,0.72794
4,16,16,20,0.0,0.7566400000000001
4,17,16,20,0.0,0.7870199999999999
4,18,16,20,0.0,0.0
4,19,16,20,0.0,0.0
4,20,16,20,0.0,0.0
4,21,16,20,0.0,0.0
4,22,16,20,0.0,0.0
4,23,16,20,0.0,0.0
4,24,16,20,0.0,0.0
4,25,16,20,0.0,0.0
4,26,16,20,0.0,0.0
4,27,16,20,0.0,0.0
4,28,16,20,0.0,0.0
4,29,16,20,0.0,0.0
4,10,16,30,0.0,0.0
4,11,16,30,0.0,0.0
4,12,16,30,0.0,0.0
4,13,16,30,0.0,0.0
4,14,16,30,0.0,0.0
4,15,16,30,0.0,0.7523799999999999
4,16,16,30,0.0,0.7456099999999999
4,17,16,30,0.0,0.7528800000000001
4,18,16,30,0.0,0.0
4,19,16,30,0.0,0.0
4,20,16,30,0.0,0.0
4,21,16,30,0.0,0.0
4,22,16,30,0.0,0.0
4,23,16,30,0.0,0.0
4,24,16,30,0.0,0.0
4,25,16,30,0.0,0.0
4,26,16,30,0.0,0.0
4,27,16,30,0.0,0.0
4,28,16,30,0.0,0.0
4,29,16,30,0.0,0.0
4,10,16,40,0.0,0.0
4,11,16,40,0.0,0.0
4,12,16,40,0.0,0.0
4,13,16,40,0.0,0.0
4,14,16,40,0.0,0.0
4,15,16,40,0.0,0.7722100000000001
4,16,16,40,0.0,0.80135
4,17,16,40,0.0,0.79925
4,18,16,40,0.0,0.0
4,19,16,40,0.0,0.0
4,20,16,40,0.0,0.0
4,21,16,40,0.0,0.0
4,22,16,40,0.0,0.0
4,23,16,40,0.0,0.0
4,24,16,40,0.0,0.0
4,25,16,40,0.0,0.0
4,26,16,40,0.0,0.0
4,27,16,40,0.0,0.0
4,28,16,40,0.0,0.0
4,29,16,40,0.0,0.0
4,10,16,50,0.0,0.0
4,11,16,50,0.0,0.0
4,12,16,50,0.0,0.0
4,13,16,50,0.0,0.0
4,14,16,50,0.0,0.0
4,15,16,50,0.0,0.7636199999999999
4,16,16,50,0.0,0.78246
4,17,16,50,0.0,0.8430500000000001
4,18,16,50,0.0,0.0
4,19,16,50,0.0,0.0
4,20,16,50,0.0,0.0
4,21,16,50,0.0,0.0
4,22,16,50,0.0,0.0
4,23,16,50,0.0,0.0
4,24,16,50,0.0,0.0
4,25,16,50,0.0,0.0
4,26,16,50,0.0,0.0
4,27,16,50,0.0,0.0
4,28,16,50,0.0,0.0
4,29,16,50,0.0,0.0
4,10,32,10,0.0,0.0
4,11,32,10,0.0,0.0
4,12,32,10,0.0,0.0
4,13,32,10,0.0,0.0
4,14,32,10,0.0,0.0
4,15,32,10,0.0,0.77779
4,16,32,10,0.0,0.78844
4,17,32,10,0.0,0.79729
4,18,32,10,0.0,0.0
4,19,32,10,0.0,0.0
4,20,32,10,0.0,0.0
4,21,32,10,0.0,0.0
4,22,32,10,0.0,0.0
4,23,32,10,0.0,0.0
4,24,32,10,0.0,0.0
4,25,32,10,0.0,0.0
4,26,32,10,0.0,0.0
4,27,32,10,0.0,0.0
4,28,32,10,0.0,0.0
4,29,32,10,0.0,0.0
4,10,32,20,0.0,0.0
4,11,32,20,0.0,0.0
4,12,32,20,0.0,0.0
4,13,32,20,0.0,0.0
4,14,32,20,0.0,0.0
4,15,32,20,0.0,0.73519
4,16,32,20,0.0,0.77025
4,17,32,20,0.0,0.7792299999999999
4,18,32,20,0.0,0.0
4,19,32,20,0.0,0.0
4,20,32,20,0.0,0.0
4,21,32,20,0.0,0.0
4,22,32,20,0.0,0.0
4,23,32,20,0.0,0.0
4,24,32,20,0.0,0.0
4,25,32,20,0.0,0.0
4,26,32,20,0.0,0.0
4,27,32,20,0.0,0.0
4,28,32,20,0.0,0.0
4,29,32,20,0.0,0.0
4,10,32,30,0.0,0.0
4,11,32,30,0.0,0.0
4,12,32,30,0.0,0.0
4,13,32,30,0.0,0.0
4,14,32,30,0.0,0.0
4,15,32,30,0.0,0.7640800000000001
4,16,32,30,0.0,0.7798
4,17,32,30,0.0,0.0
4,18,32,30,0.0,0.0
4,19,32,30,0.0,0.0
4,20,32,30,0.0,0.0
4,21,32,30,0.0,0.0
4,22,32,30,0.0,0.0
4,23,32,30,0.0,0.0
4,24,32,30,0.0,0.0
4,25,32,30,0.0,0.0
4,26,32,30,0.0,0.0
4,27,32,30,0.0,0.0
4,28,32,30,0.0,0.0
4,29,32,30,0.0,0.0
4,10,32,40,0.0,0.0
4,11,32,40,0.0,0.0
4,12,32,40,0.0,0.0
4,13,32,40,0.0,0.0
4,14,32,40,0.0,0.0
4,15,32,40,0.0,0.7945499999999999
4,16,32,40,0.0,0.78524
4,17,32,40,0.0,0.808
4,18,32,40,0.0,0.0
4,19,32,40,0.0,0.0
4,20,32,40,0.0,0.0
4,21,32,40,0.0,0.0
4,22,32,40,0.0,0.0
4,23,32,40,0.0,0.0
4,24,32,40,0.0,0.0
4,25,32,40,0.0,0.0
4,26,32,40,0.0,0.0
4,27,32,40,0.0,0.0
4,28,32,40,0.0,0.0
4,29,32,40,0.0,0.0
4,10,32,50,0.0,0.0
4,11,32,50,0.0,0.0
4,12,32,50,0.0,0.0
4,13,32,50,0.0,0.0
4,14,32,50,0.0,0.0
4,15,32,50,0.0,0.76196
4,16,32,50,0.0,0.76579
4,17,32,50,0.0,0.7807199999999999
4,18,32,50,0.0,0.0
4,19,32,50,0.0,0.0
4,20,32,50,0.0,0.0
4,21,32,50,0.0,0.0
4,22,32,50,0.0,0.0
4,23,32,50,0.0,0.0
4,24,32,50,0.0,0.0
4,25,32,50,0.0,0.0
4,26,32,50,0.0,0.0
4,27,32,50,0.0,0.0
4,28,32,50,0.0,0.0
4,29,32,50,0.0,0.0
5,20,4,10,0.0,0.0
5,21,4,10,0.0,0.0
5,22,4,10,0.0,0.0
5,23,4,10,0.0,0.0
5,24,4,10,0.0,0.0
5,25,4,10,0.0,0.0
5,26,4,10,0.0,0.0
5,27,4,10,0.0,0.0
5,28,4,10,0.0,0.0
5,29,4,10,0.0,0.0
5,30,4,10,0.0,0.0
5,31,4,10,0.0,0.0
5,32,4,10,0.0,0.0
5,33,4,10,0.0,0.0
5,34,4,10,0.0,0.0
5,35,4,10,0.0,0.0
5,36,4,10,0.0,0.0
5,37,4,10,0.0,0.0
5,38,4,10,0.0,0.0
5,39,4,10,0.0,0.0
5,40,4,10,0.0,0.0
5,41,4,10,0.0,0.0
5,42,4,10,0.0,0.0
5,43,4,10,0.0,0.0
5,44,4,10,0.0,0.0
5,45,4,10,0.0,0.0
5,46,4,10,0.0,0.0
5,47,4,10,0.0,0.0
5,48,4,10,0.0,0.0
5,49,4,10,0.0,0.0
5,20,4,20,0.0,0.0
5,21,4,20,0.0,0.0
5,22,4,20,0.0,0.0
5,23,4,20,0.0,0.0
5,24,4,20,0.0,0.0
5,25,4,20,0.0,0.0
5,26,4,20,0.0,0.0
5,27,4,20,0.0,0.0
5,28,4,20,0.0,0.0
5,29,4,20,0.0,0.0
5,30,4,20,0.0,0.0
5,31,4,20,0.0,0.0
5,32,4,20,0.0,0.0
5,33,4,20,0.0,0.0
5,34,4,20,0.0,0.0
5,35,4,20,0.0,0.0
5,36,4,20,0.0,0.0
5,37,4,20,0.0,0.0
5,38,4,20,0.0,0.0
5,39,4,20,0.0,0.0
5,40,4,20,0.0,0.0
5,41,4,20,0.0,0.0
5,42,4,20,0.0,0.0
5,43,4,20,0.0,0.0
5,44,4,20,0.0,0.0
5,45,4,20,0.0,0.0
5,46,4,20,0.0,0.0
5,47,4,20,0.0,0.0
5,48,4,20,0.0,0.0
5,49,4,20,0.0,0.0
5,20,4,30,0.0,0.0
5,21,4,30,0.0,0.0
5,22,4,30,0.0,0.0
5,23,4,30,0.0,0.0
5,24,4,30,0.0,0.0
5,25,4,30,0.0,0.0
5,26,4,30,0.0,0.0
5,27,4,30,0.0,0.0
5,28,4,30,0.0,0.0
5,29,4,30,0.0,0.0
5,30,4,30,0.0,0.0
5,31,4,30,0.0,0.0
5,32,4,30,0.0,0.0
5,33,4,30,0.0,0.0
5,34,4,30,0.0,0.0
5,35,4,30,0.0,0.0
5,36,4,30,0.0,0.0
5,37,4,30,0.0,0.0
5,38,4,30,0.0,0.0
5,39,4,30,0.0,0.0
5,40,4,30,0.0,0.0
5,41,4,30,0.0,0.0
5,42,4,30,0.0,0.0
5,43,4,30,0.0,0.0
5,44,4,30,0.0,0.0
5,45,4,30,0.0,0.0
5,46,4,30,0.0,0.0
5,47,4,30,0.0,0.0
5,48,4,30,0.0,0.0
5,49,4,30,0.0,0.0
5,20,4,40,0.0,0.0
5,21,4,40,0.0,0.0
5,22,4,40,0.0,0.0
5,23,4,40,0.0,0.0
5,24,4,40,0.0,0.0
5,25,4,40,0.0,0.0
5,26,4,40,0.0,0.0
5,27,4,40,0.0,0.0
5,28,4,40,0.0,0.0
5,29,4,40,0.0,0.0
5,30,4,40,0.0,0.0
5,31,4,40,0.0,0.0
5,32,4,40,0.0,0.0
5,33,4,40,0.0,0.0
5,34,4,40,0.0,0.0
5,35,4,40,0.0,0.0
5,36,4,40,0.0,0.0
5,37,4,40,0.0,0.0
5,38,4,40,0.0,0.0
5,39,4,40,0.0,0.0
5,40,4,40,0.0,0.0
5,41,4,40,0.0,0.0
5,42,4,40,0.0,0.0
5,43,4,40,0.0,0.0
5,44,4,40,0.0,0.0
5,45,4,40,0.0,0.0
5,46,4,40,0.0,0.0
5,47,4,40,0.0,0.0
5,48,4,40,0.0,0.0
5,49,4,40,0.0,0.0
5,20,4,50,0.0,0.0
5,21,4,50,0.0,0.0
5,22,4,50,0.0,0.0
5,23,4,50,0.0,0.0
5,24,4,50,0.0,0.0
5,25,4,50,0.0,0.0
5,26,4,50,0.0,0.0
5,27,4,50,0.0,0.0
5,28,4,50,0.0,0.0
5,29,4,50,0.0,0.0
5,30,4,50,0.0,0.0
5,31,4,50,0.0,0.0
5,32,4,50,0.0,0.0
5,33,4,50,0.0,0.0
5,34,4,50,0.0,0.0
5,35,4,50,0.0,0.0
5,36,4,50,0.0,0.0
5,37,4,50,0.0,0.0
5,38,4,50,0.0,0.0
5,39,4,50,0.0,0.0
5,40,4,50,0.0,0.0
5,41,4,50,0.0,0.0
5,42,4,50,0.0,0.0
5,43,4,50,0.0,0.0
5,44,4,50,0.0,0.0
5,45,4,50,0.0,0.0
5,46,4,50,0.0,0.0
5,47,4,50,0.0,0.0
5,48,4,50,0.0,0.0
5,49,4,50,0.0,0.0
5,20,8,10,0.0,0.0
5,21,8,10,0.0,0.0
5,22,8,10,0.0,0.0
5,23,8,10,0.0,0.0
5,24,8,10,0.0,0.0
5,25,8,10,0.0,0.0
5,26,8,10,0.0,0.0
5,27,8,10,0.0,0.0
5,28,8,10,0.0,0.0
5,29,8,10,0.0,0.0
5,30,8,10,0.0,0.0
5,31,8,10,0.0,0.0
5,32,8,10,0.0,0.0
5,33,8,10,0.0,0.0
5,34,8,10,0.0,0.0
5,35,8,10,0.0,0.0
5,36,8,10,0.0,0.0
5,37,8,10,0.0,0.0
5,38,8,10,0.0,0.0
5,39,8,10,0.0,0.0
5,40,8,10,0.0,0.0
5,41,8,10,0.0,0.0
5,42,8,10,0.0,0.0
5,43,8,10,0.0,0.0
5,44,8,10,0.0,0.0
5,45,8,10,0.0,0.0
5,46,8,10,0.0,0.0
5,47,8,10,0.0,0.0
5,48,8,10,0.0,0.0
5,49,8,10,0.0,0.0
5,20,8,20,0.0,0.0
5,21,8,20,0.0,0.0
5,22,8,20,0.0,0.0
5,23,8,20,0.0,0.0
5,24,8,20,0.0,0.0
5,25,8,20,0.0,0.0
5,26,8,20,0.0,0.0
5,27,8,20,0.0,0.0
5,28,8,20,0.0,0.0
5,29,8,20,0.0,0.0
5,30,8,20,0.0,0.0
5,31,8,20,0.0,0.0
5,32,8,20,0.0,0.0
5,33,8,20,0.0,0.0
5,34,8,20,0.0,0.0
5,35,8,20,0.0,0.0
5,36,8,20,0.0,0.0
5,37,8,20,0.0,0.0
5,38,8,20,0.0,0.0
5,39,8,20,0.0,0.0
5,40,8,20,0.0,0.0
5,41,8,20,0.0,0.0
5,42,8,20,0.0,0.0
5,43,8,20,0.0,0.0
5,44,8,20,0.0,0.0
5,45,8,20,0.0,0.0
5,46,8,20,0.0,0.0
5,47,8,20,0.0,0.0
5,48,8,20,0.0,0.0
5,49,8,20,0.0,0.0
5,20,8,30,0.0,0.0
5,21,8,30,0.0,0.0
5,22,8,30,0.0,0.0
5,23,8,30,0.0,0.0
5,24,8,30,0.0,0.0
5,25,8,30,0.0,0.0
5,26,8,30,0.0,0.0
5,27,8,30,0.0,0.0
5,28,8,30,0.0,0.0
5,29,8,30,0.0,0.0
5,30,8,30,0.0,0.0
5,31,8,30,0.0,0.0
5,32,8,30,0.0,0.0
5,33,8,30,0.0,0.0
5,34,8,30,0.0,0.0
5,35,8,30,0.0,0.0
5,36,8,30,0.0,0.0
5,37,8,30,0.0,0.0
5,38,8,30,0.0,0.0
5,39,8,30,0.0,0.0
5,40,8,30,0.0,0.0
5,41,8,30,0.0,0.0
5,42,8,30,0.0,0.0
5,43,8,30,0.0,0.0
5,44,8,30,0.0,0.0
5,45,8,30,0.0,0.0
5,46,8,30,0.0,0.0
5,47,8,30,0.0,0.0
5,48,8,30,0.0,0.0
5,49,8,30,0.0,0.0
5,20,8,40,0.0,0.0
5,21,8,40,0.0,0.0
5,22,8,40,0.0,0.0
5,23,8,40,0.0,0.0
5,24,8,40,0.0,0.0
5,25,8,40,0.0,0.0
5,26,8,40,0.0,0.0
5,27,8,40,0.0,0.0
5,28,8,40,0.0,0.0
5,29,8,40,0.0,0.0
5,30,8,40,0.0,0.0
5,31,8,40,0.0,0.0
5,32,8,40,0.0,0.0
5,33,8,40,0.0,0.0
5,34,8,40,0.0,0.0
5,35,8,40,0.0,0.0
5,36,8,40,0.0,0.0
5,37,8,40,0.0,0.0
5,38,8,40,0.0,0.0
5,39,8,40,0.0,0.0
5,40,8,40,0.0,0.0
5,41,8,40,0.0,0.0
5,42,8,40,0.0,0.0
5,43,8,40,0.0,0.0
5,44,8,40,0.0,0.0
5,45,8,40,0.0,0.0
5,46,8,40,0.0,0.0
5,47,8,40,0.0,0.0
5,48,8,40,0.0,0.0
5,49,8,40,0.0,0.0
5,20,8,50,0.0,0.0
5,21,8,50,0.0,0.0
5,22,8,50,0.0,0.0
5,23,8,50,0.0,0.0
5,24,8,50,0.0,0.0
5,25,8,50,0.0,0.0
5,26,8,50,0.0,0.0
5,27,8,50,0.0,0.0
5,28,8,50,0.0,0.0
5,29,8,50,0.0,0.0
5,30,8,50,0.0,0.0
5,31,8,50,0.0,0.0
5,32,8,50,0.0,0.0
5,33,8,50,0.0,0.0
5,34,8,50,0.0,0.0
5,35,8,50,0.0,0.0
5,36,8,50,0.0,0.0
5,37,8,50,0.0,0.0
5,38,8,50,0.0,0.0
5,39,8,50,0.0,0.0
5,40,8,50,0.0,0.0
5,41,8,50,0.0,0.0
5,42,8,50,0.0,0.0
5,43,8,50,0.0,0.0
5,44,8,50,0.0,0.0
5,45,8,50,0.0,0.0
5,46,8,50,0.0,0.0
5,47,8,50,0.0,0.0
5,48,8,50,0.0,0.0
5,49,8,50,0.0,0.0
5,20,16,10,0.0,0.0
5,21,16,10,0.0,0.0
5,22,16,10,0.0,0.0
5,23,16,10,0.0,0.0
5,24,16,10,0.0,0.0
5,25,16,10,0.0,0.0
5,26,16,10,0.0,0.0
5,27,16,10,0.0,0.0
5,28,16,10,0.0,0.0
5,29,16,10,0.0,0.0
5,30,16,10,0.0,0.0
5,31,16,10,0.0,0.0
5,32,16,10,0.0,0.0
5,33,16,10,0.0,0.0
5,34,16,10,0.0,0.0
5,35,16,10,0.0,0.0
5,36,16,10,0.0,0.0
5,37,16,10,0.0,0.0
5,38,16,10,0.0,0.0
5,39,16,10,0.0,0.0
5,40,16,10,0.0,0.0
5,41,16,10,0.0,0.0
5,42,16,10,0.0,0.0
5,43,16,10,0.0,0.0
5,44,16,10,0.0,0.0
5,45,16,10,0.0,0.0
5,46,16,10,0.0,0.0
5,47,16,10,0.0,0.0
5,48,16,10,0.0,0.0
5,49,16,10,0.0,0.0
5,20,16,20,0.0,0.0
5,21,16,20,0.0,0.0
5,22,16,20,0.0,0.0
5,23,16,20,0.0,0.0
5,24,16,20,0.0,0.0
5,25,16,20,0.0,0.0
5,26,16,20,0.0,0.0
5,27,16,20,0.0,0.0
5,28,16,20,0.0,0.0
5,29,16,20,0.0,0.0
5,30,16,20,0.0,0.0
5,31,16,20,0.0,0.0
5,32,16,20,0.0,0.0
5,33,16,20,0.0,0.0
5,34,16,20,0.0,0.0
5,35,16,20,0.0,0.0
5,36,16,20,0.0,0.0
5,37,16,20,0.0,0.0
5,38,16,20,0.0,0.0
5,39,16,20,0.0,0.0
5,40,16,20,0.0,0.0
5,41,16,20,0.0,0.0
5,42,16,20,0.0,0.0
5,43,16,20,0.0,0.0
5,44,16,20,0.0,0.0
5,45,16,20,0.0,0.0
5,46,16,20,0.0,0.0
5,47,16,20,0.0,0.0
5,48,16,20,0.0,0.0
5,49,16,20,0.0,0.0
5,20,16,30,0.0,0.0
5,21,16,30,0.0,0.0
5,22,16,30,0.0,0.0
5,23,16,30,0.0,0.0
5,24,16,30,0.0,0.0
5,25,16,30,0.0,0.0
5,26,16,30,0.0,0.0
5,27,16,30,0.0,0.0
5,28,16,30,0.0,0.0
5,29,16,30,0.0,0.0
5,30,16,30,0.0,0.0
5,31,16,30,0.0,0.0
5,32,16,30,0.0,0.0
5,33,16,30,0.0,0.0
5,34,16,30,0.0,0.0
5,35,16,30,0.0,0.0
5,36,16,30,0.0,0.0
5,37,16,30,0.0,0.0
5,38,16,30,0.0,0.0
5,39,16,30,0.0,0.0
5,40,16,30,0.0,0.0
5,41,16,30,0.0,0.0
5,42,16,30,0.0,0.0
5,43,16,30,0.0,0.0
5,44,16,30,0.0,0.0
5,45,16,30,0.0,0.0
5,46,16,30,0.0,0.0
5,47,16,30,0.0,0.0
5,48,16,30,0.0,0.0
5,49,16,30,0.0,0.0
5,20,16,40,0.0,0.0
5,21,16,40,0.0,0.0
5,22,16,40,0.0,0.0
5,23,16,40,0.0,0.0
5,24,16,40,0.0,0.0
5,25,16,40,0.0,0.0
5,26,16,40,0.0,0.0
5,27,16,40,0.0,0.0
5,28,16,40,0.0,0.0
5,29,16,40,0.0,0.0
5,30,16,40,0.0,0.0
5,31,16,40,0.0,0.0
5,32,16,40,0.0,0.0
5,33,16,40,0.0,0.0
5,34,16,40,0.0,0.0
5,35,16,40,0.0,0.0
5,36,16,40,0.0,0.0
5,37,16,40,0.0,0.0
5,38,16,40,0.0,0.0
5,39,16,40,0.0,0.0
5,40,16,40,0.0,0.0
5,41,16,40,0.0,0.0
5,42,16,40,0.0,0.0
5,43,16,40,0.0,0.0
5,44,16,40,0.0,0.0
5,45,16,40,0.0,0.0
5,46,16,40,0.0,0.0
5,47,16,40,0.0,0.0
5,48,16,40,0.0,0.0
5,49,16,40,0.0,0.0
5,20,16,50,0.0,0.0
5,21,16,50,0.0,0.0
5,22,16,50,0.0,0.0
5,23,16,50,0.0,0.0
5,24,16,50,0.0,0.0
5,25,16,50,0.0,0.0
5,26,16,50,0.0,0.0
5,27,16,50,0.0,0.0
5,28,16,50,0.0,0.0
5,29,16,50,0.0,0.0
5,30,16,50,0.0,0.0
5,31,16,50,0.0,0.0
5,32,16,50,0.0,0.0
5,33,16,50,0.0,0.0
5,34,16,50,0.0,0.0
5,35,16,50,0.0,0.0
5,36,16,50,0.0,0.0
5,37,16,50,0.0,0.0
5,38,16,50,0.0,0.0
5,39,16,50,0.0,0.0
5,40,16,50,0.0,0.0
5,41,16,50,0.0,0.0
5,42,16,50,0.0,0.0
5,43,16,50,0.0,0.0
5,44,16,50,0.0,0.0
5,45,16,50,0.0,0.0
5,46,16,50,0.0,0.0
5,47,16,50,0.0,0.0
5,48,16,50,0.0,0.0
5,49,16,50,0.0,0.0
5,20,32,10,0.0,0.0
5,21,32,10,0.0,0.0
5,22,32,10,0.0,0.0
5,23,32,10,0.0,0.0
5,24,32,10,0.0,0.0
5,25,32,10,0.0,0.0
5,26,32,10,0.0,0.0
5,27,32,10,0.0,0.0
5,28,32,10,0.0,0.0
5,29,32,10,0.0,0.0
5,30,32,10,0.0,0.0
5,31,32,10,0.0,0.0
5,32,32,10,0.0,0.0
5,33,32,10,0.0,0.0
5,34,32,10,0.0,0.0
5,35,32,10,0.0,0.0
5,36,32,10,0.0,0.0
5,37,32,10,0.0,0.0
5,38,32,10,0.0,0.0
5,39,32,10,0.0,0.0
5,40,32,10,0.0,0.0
5,41,32,10,0.0,0.0
5,42,32,10,0.0,0.0
5,43,32,10,0.0,0.0
5,44,32,10,0.0,0.0
5,45,32,10,0.0,0.0
5,46,32,10,0.0,0.0
5,47,32,10,0.0,0.0
5,48,32,10,0.0,0.0
5,49,32,10,0.0,0.0
5,20,32,20,0.0,0.0
5,21,32,20,0.0,0.0
5,22,32,20,0.0,0.0
5,23,32,20,0.0,0.0
5,24,32,20,0.0,0.0
5,25,32,20,0.0,0.0
5,26,32,20,0.0,0.0
5,27,32,20,0.0,0.0
5,28,32,20,0.0,0.0
5,29,32,20,0.0,0.0
5,30,32,20,0.0,0.0
5,31,32,20,0.0,0.0
5,32,32,20,0.0,0.0
5,33,32,20,0.0,0.0
5,34,32,20,0.0,0.0
5,35,32,20,0.0,0.0
5,36,32,20,0.0,0.0
5,37,32,20,0.0,0.0
5,38,32,20,0.0,0.0
5,39,32,20,0.0,0.0
5,40,32,20,0.0,0.0
5,41,32,20,0.0,0.0
5,42,32,20,0.0,0.0
5,43,32,20,0.0,0.0
5,44,32,20,0.0,0.0
5,45,32,20,0.0,0.0
5,46,32,20,0.0,0.0
5,47,32,20,0.0,0.0
5,48,32,20,0.0,0.0
5,49,32,20,0.0,0.0
5,20,32,30,0.0,0.0
5,21,32,30,0.0,0.0
5,22,32,30,0.0,0.0
5,23,32,30,0.0,0.0
5,24,32,30,0.0,0.0
5,25,32,30,0.0,0.0
5,26,32,30,0.0,0.0
5,27,32,30,0.0,0.0
5,28,32,30,0.0,0.0
5,29,32,30,0.0,0.0
5,30,32,30,0.0,0.0
5,31,32,30,0.0,0.0
5,32,32,30,0.0,0.0
5,33,32,30,0.0,0.0
5,34,32,30,0.0,0.0
5,35,32,30,0.0,0.0
5,36,32,30,0.0,0.0
5,37,32,30,0.0,0.0
5,38,32,30,0.0,0.0
5,39,32,30,0.0,0.0
5,40,32,30,0.0,0.0
5,41,32,30,0.0,0.0
5,42,32,30,0.0,0.0
5,43,32,30,0.0,0.0
5,44,32,30,0.0,0.0
5,45,32,30,0.0,0.0
5,46,32,30,0.0,0.0
5,47,32,30,0.0,0.0
5,48,32,30,0.0,0.0
5,49,32,30,0.0,0.0
5,20,32,40,0.0,0.0
5,21,32,40,0.0,0.0
5,22,32,40,0.0,0.0
5,23,32,40,0.0,0.0
5,24,32,40,0.0,0.0
5,25,32,40,0.0,0.0
5,26,32,40,0.0,0.0
5,27,32,40,0.0,0.0
5,28,32,40,0.0,0.0
5,29,32,40,0.0,0.0
5,30,32,40,0.0,0.0
5,31,32,40,0.0,0.0
5,32,32,40,0.0,0.0
5,33,32,40,0.0,0.0
5,34,32,40,0.0,0.0
5,35,32,40,0.0,0.0
5,36,32,40,0.0,0.0
5,37,32,40,0.0,0.0
5,38,32,40,0.0,0.0
5,39,32,40,0.0,0.0
5,40,32,40,0.0,0.0
5,41,32,40,0.0,0.0
5,42,32,40,0.0,0.0
5,43,32,40,0.0,0.0
5,44,32,40,0.0,0.0
5,45,32,40,0.0,0.0
5,46,32,40,0.0,0.0
5,47,32,40,0.0,0.0
5,48,32,40,0.0,0.0
5,49,32,40,0.0,0.0
5,20,32,50,0.0,0.0
5,21,32,50,0.0,0.0
5,22,32,50,0.0,0.0
5,23,32,50,0.0,0.0
5,24,32,50,0.0,0.0
5,25,32,50,0.0,0.0
5,26,32,50,0.0,0.0
5,27,32,50,0.0,0.0
5,28,32,50,0.0,0.0
5,29,32,50,0.0,0.0
5,30,32,50,0.0,0.0
5,31,32,50,0.0,0.0
5,32,32,50,0.0,0.0
5,33,32,50,0.0,0.0
5,34,32,50,0.0,0.0
5,35,32,50,0.0,0.0
5,36,32,50,0.0,0.0
5,37,32,50,0.0,0.0
5,38,32,50,0.0,0.0
5,39,32,50,0.0,0.0
5,40,32,50,0.0,0.0
5,41,32,50,0.0,0.0
5,42,32,50,0.0,0.0
5,43,32,50,0.0,0.0
5,44,32,50,0.0,0.0
5,45,32,50,0.0,0.0
5,46,32,50,0.0,0.0
5,47,32,50,0.0,0.0
5,48,32,50,0.0,0.0
5,49,32,50,0.0,0.0
6,30,4,10,0.0,0.0
6,31,4,10,0.0,0.0
6,32,4,10,0.0,0.0
6,33,4,10,0.0,0.0
6,34,4,10,0.0,0.0
6,35,4,10,0.0,0.0
6,36,4,10,0.0,0.0
6,37,4,10,0.0,0.0
6,38,4,10,0.0,0.0
6,39,4,10,0.0,0.0
6,40,4,10,0.0,0.0
6,41,4,10,0.0,0.0
6,42,4,10,0.0,0.0
6,43,4,10,0.0,0.0
6,44,4,10,0.0,0.0
6,45,4,10,0.0,0.0
6,46,4,10,0.0,0.0
6,47,4,10,0.0,0.0
6,48,4,10,0.0,0.0
6,49,4,10,0.0,0.0
6,50,4,10,0.0,0.0
6,51,4,10,0.0,0.0
6,52,4,10,0.0,0.0
6,53,4,10,0.0,0.0
6,54,4,10,0.0,0.0
6,55,4,10,0.0,0.0
6,56,4,10,0.0,0.0
6,57,4,10,0.0,0.0
6,58,4,10,0.0,0.0
6,59,4,10,0.0,0.0
6,60,4,10,0.0,0.0
6,61,4,10,0.0,0.0
6,62,4,10,0.0,0.0
6,63,4,10,0.0,0.0
6,64,4,10,0.0,0.0
6,65,4,10,0.0,0.0
6,66,4,10,0.0,0.0
6,67,4,10,0.0,0.0
6,68,4,10,0.0,0.0
6,69,4,10,0.0,0.0
6,30,4,20,0.0,0.0
6,31,4,20,0.0,0.0
6,32,4,20,0.0,0.0
6,33,4,20,0.0,0.0
6,34,4,20,0.0,0.0
6,35,4,20,0.0,0.0
6,36,4,20,0.0,0.0
6,37,4,20,0.0,0.0
6,38,4,20,0.0,0.0
6,39,4,20,0.0,0.0
6,40,4,20,0.0,0.0
6,41,4,20,0.0,0.0
6,42,4,20,0.0,0.0
6,43,4,20,0.0,0.0
6,44,4,20,0.0,0.0
6,45,4,20,0.0,0.0
6,46,4,20,0.0,0.0
6,47,4,20,0.0,0.0
6,48,4,20,0.0,0.0
6,49,4,20,0.0,0.0
6,50,4,20,0.0,0.0
6,51,4,20,0.0,0.0
6,52,4,20,0.0,0.0
6,53,4,20,0.0,0.0
6,54,4,20,0.0,0.0
6,55,4,20,0.0,0.0
6,56,4,20,0.0,0.0
6,57,4,20,0.0,0.0
6,58,4,20,0.0,0.0
6,59,4,20,0.0,0.0
6,60,4,20,0.0,0.0
6,61,4,20,0.0,0.0
6,62,4,20,0.0,0.0
6,63,4,20,0.0,0.0
6,64,4,20,0.0,0.0
6,65,4,20,0.0,0.0
6,66,4,20,0.0,0.0
6,67,4,20,0.0,0.0
6,68,4,20,0.0,0.0
6,69,4,20,0.0,0.0
6,30,4,30,0.0,0.0
6,31,4,30,0.0,0.0
6,32,4,30,0.0,0.0
6,33,4,30,0.0,0.0
6,34,4,30,0.0,0.0
6,35,4,30,0.0,0.0
6,36,4,30,0.0,0.0
6,37,4,30,0.0,0.0
6,38,4,30,0.0,0.0
6,39,4,30,0.0,0.0
6,40,4,30,0.0,0.0
6,41,4,30,0.0,0.0
6,42,4,30,0.0,0.0
6,43,4,30,0.0,0.0
6,44,4,30,0.0,0.0
6,45,4,30,0.0,0.0
6,46,4,30,0.0,0.0
6,47,4,30,0.0,0.0
6,48,4,30,0.0,0.0
6,49,4,30,0.0,0.0
6,50,4,30,0.0,0.0
6,51,4,30,0.0,0.0
6,52,4,30,0.0,0.0
6,53,4,30,0.0,0.0
6,54,4,30,0.0,0.0
6,55,4,30,0.0,0.0
6,56,4,30,0.0,0.0
6,57,4,30,0.0,0.0
6,58,4,30,0.0,0.0
6,59,4,30,0.0,0.0
6,60,4,30,0.0,0.0
6,61,4,30,0.0,0.0
6,62,4,30,0.0,0.0
6,63,4,30,0.0,0.0
6,64,4,30,0.0,0.0
6,65,4,30,0.0,0.0
6,66,4,30,0.0,0.0
6,67,4,30,0.0,0.0
6,68,4,30,0.0,0.0
6,69,4,30,0.0,0.0
6,30,4,40,0.0,0.0
6,31,4,40,0.0,0.0
6,32,4,40,0.0,0.0
6,33,4,40,0.0,0.0
6,34,4,40,0.0,0.0
6,35,4,40,0.0,0.0
6,36,4,40,0.0,0.0
6,37,4,40,0.0,0.0
6,38,4,40,0.0,0.0
6,39,4,40,0.0,0.0
6,40,4,40,0.0,0.0
6,41,4,40,0.0,0.0
6,42,4,40,0.0,0.0
6,43,4,40,0.0,0.0
6,44,4,40,0.0,0.0
6,45,4,40,0.0,0.0
6,46,4,40,0.0,0.0
6,47,4,40,0.0,0.0
6,48,4,40,0.0,0.0
6,49,4,40,0.0,0.0
6,50,4,40,0.0,0.0
6,51,4,40,0.0,0.0
6,52,4,40,0.0,0.0
6,53,4,40,0.0,0.0
6,54,4,40,0.0,0.0
6,55,4,40,0.0,0.0
6,56,4,40,0.0,0.0
6,57,4,40,0.0,0.0
6,58,4,40,0.0,0.0
6,59,4,40,0.0,0.0
6,60,4,40,0.0,0.0
6,61,4,40,0.0,0.0
6,62,4,40,0.0,0.0
6,63,4,40,0.0,0.0
6,64,4,40,0.0,0.0
6,65,4,40,0.0,0.0
6,66,4,40,0.0,0.0
6,67,4,40,0.0,0.0
6,68,4,40,0.0,0.0
6,69,4,40,0.0,0.0
6,30,4,50,0.0,0.0
6,31,4,50,0.0,0.0
6,32,4,50,0.0,0.0
6,33,4,50,0.0,0.0
6,34,4,50,0.0,0.0
6,35,4,50,0.0,0.0
6,36,4,50,0.0,0.0
6,37,4,50,0.0,0.0
6,38,4,50,0.0,0.0
6,39,4,50,0.0,0.0
6,40,4,50,0.0,0.0
6,41,4,50,0.0,0.0
6,42,4,50,0.0,0.0
6,43,4,50,0.0,0.0
6,44,4,50,0.0,0.0
6,45,4,50,0.0,0.0
6,46,4,50,0.0,0.0
6,47,4,50,0.0,0.0
6,48,4,50,0.0,0.0
6,49,4,50,0.0,0.0
6,50,4,50,0.0,0.0
6,51,4,50,0.0,0.0
6,52,4,50,0.0,0.0
6,53,4,50,0.0,0.0
6,54,4,50,0.0,0.0
6,55,4,50,0.0,0.0
6,56,4,50,0.0,0.0
6,57,4,50,0.0,0.0
6,58,4,50,0.0,0.0
6,59,4,50,0.0,0.0
6,60,4,50,0.0,0.0
6,61,4,50,0.0,0.0
6,62,4,50,0.0,0.0
6,63,4,50,0.0,0.0
6,64,4,50,0.0,0.0
6,65,4,50,0.0,0.0
6,66,4,50,0.0,0.0
6,67,4,50,0.0,0.0
6,68,4,50,0.0,0.0
6,69,4,50,0.0,0.0
6,30,8,10,0.0,0.0
6,31,8,10,0.0,0.0
6,32,8,10,0.0,0.0
6,33,8,10,0.0,0.0
6,34,8,10,0.0,0.0
6,35,8,10,0.0,0.0
6,36,8,10,0.0,0.0
6,37,8,10,0.0,0.0
6,38,8,10,0.0,0.0
6,39,8,10,0.0,0.0
6,40,8,10,0.0,0.0
6,41,8,10,0.0,0.0
6,42,8,10,0.0,0.0
6,43,8,10,0.0,0.0
6,44,8,10,0.0,0.0
6,45,8,10,0.0,0.0
6,46,8,10,0.0,0.0
6,47,8,10,0.0,0.0
6,48,8,10,0.0,0.0
6,49,8,10,0.0,0.0
6,50,8,10,0.0,0.0
6,51,8,10,0.0,0.0
6,52,8,10,0.0,0.0
6,53,8,10,0.0,0.0
6,54,8,10,0.0,0.0
6,55,8,10,0.0,0.0
6,56,8,10,0.0,0.0
6,57,8,10,0.0,0.0
6,58,8,10,0.0,0.0
6,59,8,10,0.0,0.0
6,60,8,10,0.0,0.0
6,61,8,10,0.0,0.0
6,62,8,10,0.0,0.0
6,63,8,10,0.0,0.0
6,64,8,10,0.0,0.0
6,65,8,10,0.0,0.0
6,66,8,10,0.0,0.0
6,67,8,10,0.0,0.0
6,68,8,10,0.0,0.0
6,69,8,10,0.0,0.0
6,30,8,20,0.0,0.0
6,31,8,20,0.0,0.0
6,32,8,20,0.0,0.0
6,33,8,20,0.0,0.0
6,34,8,20,0.0,0.0
6,35,8,20,0.0,0.0
6,36,8,20,0.0,0.0
6,37,8,20,0.0,0.0
6,38,8,20,0.0,0.0
6,39,8,20,0.0,0.0
6,40,8,20,0.0,0.0
6,41,8,20,0.0,0.0
6,42,8,20,0.0,0.0
6,43,8,20,0.0,0.0
6,44,8,20,0.0,0.0
6,45,8,20,0.0,0.0
6,46,8,20,0.0,0.0
6,47,8,20,0.0,0.0
6,48,8,20,0.0,0.0
6,49,8,20,0.0,0.0
6,50,8,20,0.0,0.0
6,51,8,20,0.0,0.0
6,52,8,20,0.0,0.0
6,53,8,20,0.0,0.0
6,54,8,20,0.0,0.0
6,55,8,20,0.0,0.0
6,56,8,20,0.0,0.0
6,57,8,20,0.0,0.0
6,58,8,20,0.0,0.0
6,59,8,20,0.0,0.0
6,60,8,20,0.0,0.0
6,61,8,20,0.0,0.0
6,62,8,20,0.0,0.0
6,63,8,20,0.0,0.0
6,64,8,20,0.0,0.0
6,65,8,20,0.0,0.0
6,66,8,20,0.0,0.0
6,67,8,20,0.0,0.0
6,68,8,20,0.0,0.0
6,69,8,20,0.0,0.0
6,30,8,30,0.0,0.0
6,31,8,30,0.0,0.0
6,32,8,30,0.0,0.0
6,33,8,30,0.0,0.0
6,34,8,30,0.0,0.0
6,35,8,30,0.0,0.0
6,36,8,30,0.0,0.0
6,37,8,30,0.0,0.0
6,38,8,30,0.0,0.0
6,39,8,30,0.0,0.0
6,40,8,30,0.0,0.0
6,41,8,30,0.0,0.0
6,42,8,30,0.0,0.0
6,43,8,30,0.0,0.0
6,44,8,30,0.0,0.0
6,45,8,30,0.0,0.0
6,46,8,30,0.0,0.0
6,47,8,30,0.0,0.0
6,48,8,30,0.0,0.0
6,49,8,30,0.0,0.0
6,50,8,30,0.0,0.0
6,51,8,30,0.0,0.0
6,52,8,30,0.0,0.0
6,53,8,30,0.0,0.0
6,54,8,30,0.0,0.0
6,55,8,30,0.0,0.0
6,56,8,30,0.0,0.0
6,57,8,30,0.0,0.0
6,58,8,30,0.0,0.0
6,59,8,30,0.0,0.0
6,60,8,30,0.0,0.0
6,61,8,30,0.0,0.0
6,62,8,30,0.0,0.0
6,63,8,30,0.0,0.0
6,64,8,30,0.0,0.0
6,65,8,30,0.0,0.0
6,66,8,30,0.0,0.0
6,67,8,30,0.0,0.0
6,68,8,30,0.0,0.0
6,69,8,30,0.0,0.0
6,30,8,40,0.0,0.0
6,31,8,40,0.0,0.0
6,32,8,40,0.0,0.0
6,33,8,40,0.0,0.0
6,34,8,40,0.0,0.0
6,35,8,40,0.0,0.0
6,36,8,40,0.0,0.0
6,37,8,40,0.0,0.0
6,38,8,40,0.0,0.0
6,39,8,40,0.0,0.0
6,40,8,40,0.0,0.0
6,41,8,40,0.0,0.0
6,42,8,40,0.0,0.0
6,43,8,40,0.0,0.0
6,44,8,40,0.0,0.0
6,45,8,40,0.0,0.0
6,46,8,40,0.0,0.0
6,47,8,40,0.0,0.0
6,48,8,40,0.0,0.0
6,49,8,40,0.0,0.0
6,50,8,40,0.0,0.0
6,51,8,40,0.0,0.0
6,52,8,40,0.0,0.0
6,53,8,40,0.0,0.0
6,54,8,40,0.0,0.0
6,55,8,40,0.0,0.0
6,56,8,40,0.0,0.0
6,57,8,40,0.0,0.0
6,58,8,40,0.0,0.0
6,59,8,40,0.0,0.0
6,60,8,40,0.0,0.0
6,61,8,40,0.0,0.0
6,62,8,40,0.0,0.0
6,63,8,40,0.0,0.0
6,64,8,40,0.0,0.0
6,65,8,40,0.0,0.0
6,66,8,40,0.0,0.0
6,67,8,40,0.0,0.0
6,68,8,40,0.0,0.0
6,69,8,40,0.0,0.0
6,30,8,50,0.0,0.0
6,31,8,50,0.0,0.0
6,32,8,50,0.0,0.0
6,33,8,50,0.0,0.0
6,34,8,50,0.0,0.0
6,35,8,50,0.0,0.0
6,36,8,50,0.0,0.0
6,37,8,50,0.0,0.0
6,38,8,50,0.0,0.0
6,39,8,50,0.0,0.0
6,40,8,50,0.0,0.0
6,41,8,50,0.0,0.0
6,42,8,50,0.0,0.0
6,43,8,50,0.0,0.0
6,44,8,50,0.0,0.0
6,45,8,50,0.0,0.0
6,46,8,50,0.0,0.0
6,47,8,50,0.0,0.0
6,48,8,50,0.0,0.0
6,49,8,50,0.0,0.0
6,50,8,50,0.0,0.0
6,51,8,50,0.0,0.0
6,52,8,50,0.0,0.0
6,53,8,50,0.0,0.0
6,54,8,50,0.0,0.0
6,55,8,50,0.0,0.0
6,56,8,50,0.0,0.0
6,57,8,50,0.0,0.0
6,58,8,50,0.0,0.0
6,59,8,50,0.0,0.0
6,60,8,50,0.0,0.0
6,61,8,50,0.0,0.0
6,62,8,50,0.0,0.0
6,63,8,50,0.0,0.0
6,64,8,50,0.0,0.0
6,65,8,50,0.0,0.0
6,66,8,50,0.0,0.0
6,67,8,50,0.0,0.0
6,68,8,50,0.0,0.0
6,69,8,50,0.0,0.0
6,30,16,10,0.0,0.0
6,31,16,10,0.0,0.0
6,32,16,10,0.0,0.0
6,33,16,10,0.0,0.0
6,34,16,10,0.0,0.0
6,35,16,10,0.0,0.0
6,36,16,10,0.0,0.0
6,37,16,10,0.0,0.0
6,38,16,10,0.0,0.0
6,39,16,10,0.0,0.0
6,40,16,10,0.0,0.0
6,41,16,10,0.0,0.0
6,42,16,10,0.0,0.0
6,43,16,10,0.0,0.0
6,44,16,10,0.0,0.0
6,45,16,10,0.0,0.0
6,46,16,10,0.0,0.0
6,47,16,10,0.0,0.0
6,48,16,10,0.0,0.0
6,49,16,10,0.0,0.0
6,50,16,10,0.0,0.0
6,51,16,10,0.0,0.0
6,52,16,10,0.0,0.0
6,53,16,10,0.0,0.0
6,54,16,10,0.0,0.0
6,55,16,10,0.0,0.0
6,56,16,10,0.0,0.0
6,57,16,10,0.0,0.0
6,58,16,10,0.0,0.0
6,59,16,10,0.0,0.0
6,60,16,10,0.0,0.0
6,61,16,10,0.0,0.0
6,62,16,10,0.0,0.0
6,63,16,10,0.0,0.0
6,64,16,10,0.0,0.0
6,65,16,10,0.0,0.0
6,66,16,10,0.0,0.0
6,67,16,10,0.0,0.0
6,68,16,10,0.0,0.0
6,69,16,10,0.0,0.0
6,30,16,20,0.0,0.0
6,31,16,20,0.0,0.0
6,32,16,20,0.0,0.0
6,33,16,20,0.0,0.0
6,34,16,20,0.0,0.0
6,35,16,20,0.0,0.0
6,36,16,20,0.0,0.0
6,37,16,20,0.0,0.0
6,38,16,20,0.0,0.0
6,39,16,20,0.0,0.0
6,40,16,20,0.0,0.0
6,41,16,20,0.0,0.0
6,42,16,20,0.0,0.0
6,43,16,20,0.0,0.0
6,44,16,20,0.0,0.0
6,45,16,20,0.0,0.0
6,46,16,20,0.0,0.0
6,47,16,20,0.0,0.0
6,48,16,20,0.0,0.0
6,49,16,20,0.0,0.0
6,50,16,20,0.0,0.0
6,51,16,20,0.0,0.0
6,52,16,20,0.0,0.0
6,53,16,20,0.0,0.0
6,54,16,20,0.0,0.0
6,55,16,20,0.0,0.0
6,56,16,20,0.0,0.0
6,57,16,20,0.0,0.0
6,58,16,20,0.0,0.0
6,59,16,20,0.0,0.0
6,60,16,20,0.0,0.0
6,61,16,20,0.0,0.0
6,62,16,20,0.0,0.0
6,63,16,20,0.0,0.0
6,64,16,20,0.0,0.0
6,65,16,20,0.0,0.0
6,66,16,20,0.0,0.0
6,67,16,20,0.0,0.0
6,68,16,20,0.0,0.0
6,69,16,20,0.0,0.0
6,30,16,30,0.0,0.0
6,31,16,30,0.0,0.0
6,32,16,30,0.0,0.0
6,33,16,30,0.0,0.0
6,34,16,30,0.0,0.0
6,35,16,30,0.0,0.0
6,36,16,30,0.0,0.0
6,37,16,30,0.0,0.0
6,38,16,30,0.0,0.0
6,39,16,30,0.0,0.0
6,40,16,30,0.0,0.0
6,41,16,30,0.0,0.0
6,42,16,30,0.0,0.0
6,43,16,30,0.0,0.0
6,44,16,30,0.0,0.0
6,45,16,30,0.0,0.0
6,46,16,30,0.0,0.0
6,47,16,30,0.0,0.0
6,48,16,30,0.0,0.0
6,49,16,30,0.0,0.0
6,50,16,30,0.0,0.0
6,51,16,30,0.0,0.0
6,52,16,30,0.0,0.0
6,53,16,30,0.0,0.0
6,54,16,30,0.0,0.0
6,55,16,30,0.0,0.0
6,56,16,30,0.0,0.0
6,57,16,30,0.0,0.0
6,58,16,30,0.0,0.0
6,59,16,30,0.0,0.0
6,60,16,30,0.0,0.0
6,61,16,30,0.0,0.0
6,62,16,30,0.0,0.0
6,63,16,30,0.0,0.0
6,64,16,30,0.0,0.0
6,65,16,30,0.0,0.0
6,66,16,30,0.0,0.0
6,67,16,30,0.0,0.0
6,68,16,30,0.0,0.0
6,69,16,30,0.0,0.0
6,30,16,40,0.0,0.0
6,31,16,40,0.0,0.0
6,32,16,40,0.0,0.0
6,33,16,40,0.0,0.0
6,34,16,40,0.0,0.0
6,35,16,40,0.0,0.0
6,36,16,40,0.0,0.0
6,37,16,40,0.0,0.0
6,38,16,40,0.0,0.0
6,39,16,40,0.0,0.0
6,40,16,40,0.0,0.0
6,41,16,40,0.0,0.0
6,42,16,40,0.0,0.0
6,43,16,40,0.0,0.0
6,44,16,40,0.0,0.0
6,45,16,40,0.0,0.0
6,46,16,40,0.0,0.0
6,47,16,40,0.0,0.0
6,48,16,40,0.0,0.0
6,49,16,40,0.0,0.0
6,50,16,40,0.0,0.0
6,51,16,40,0.0,0.0
6,52,16,40,0.0,0.0
6,53,16,40,0.0,0.0
6,54,16,40,0.0,0.0
6,55,16,40,0.0,0.0
6,56,16,40,0.0,0.0
6,57,16,40,0.0,0.0
6,58,16,40,0.0,0.0
6,59,16,40,0.0,0.0
6,60,16,40,0.0,0.0
6,61,16,40,0.0,0.0
6,62,16,40,0.0,0.0
6,63,16,40,0.0,0.0
6,64,16,40,0.0,0.0
6,65,16,40,0.0,0.0
6,66,16,40,0.0,0.0
6,67,16,40,0.0,0.0
6,68,16,40,0.0,0.0
6,69,16,40,0.0,0.0
6,30,16,50,0.0,0.0
6,31,16,50,0.0,0.0
6,32,16,50,0.0,0.0
6,33,16,50,0.0,0.0
6,34,16,50,0.0,0.0
6,35,16,50,0.0,0.0
6,36,16,50,0.0,0.0
6,37,16,50,0.0,0.0
6,38,16,50,0.0,0.0
6,39,16,50,0.0,0.0
6,40,16,50,0.0,0.0
6,41,16,50,0.0,0.0
6,42,16,50,0.0,0.0
6,43,16,50,0.0,0.0
6,44,16,50,0.0,0.0
6,45,16,50,0.0,0.0
6,46,16,50,0.0,0.0
6,47,16,50,0.0,0.0
6,48,16,50,0.0,0.0
6,49,16,50,0.0,0.0
6,50,16,50,0.0,0.0
6,51,16,50,0.0,0.0
6,52,16,50,0.0,0.0
6,53,16,50,0.0,0.0
6,54,16,50,0.0,0.0
6,55,16,50,0.0,0.0
6,56,16,50,0.0,0.0
6,57,16,50,0.0,0.0
6,58,16,50,0.0,0.0
6,59,16,50,0.0,0.0
6,60,16,50,0.0,0.0
6,61,16,50,0.0,0.0
6,62,16,50,0.0,0.0
6,63,16,50,0.0,0.0
6,64,16,50,0.0,0.0
6,65,16,50,0.0,0.0
6,66,16,50,0.0,0.0
6,67,16,50,0.0,0.0
6,68,16,50,0.0,0.0
6,69,16,50,0.0,0.0
6,30,32,10,0.0,0.0
6,31,32,10,0.0,0.0
6,32,32,10,0.0,0.0
6,33,32,10,0.0,0.0
6,34,32,10,0.0,0.0
6,35,32,10,0.0,0.0
6,36,32,10,0.0,0.0
6,37,32,10,0.0,0.0
6,38,32,10,0.0,0.0
6,39,32,10,0.0,0.0
6,40,32,10,0.0,0.0
6,41,32,10,0.0,0.0
6,42,32,10,0.0,0.0
6,43,32,10,0.0,0.0
6,44,32,10,0.0,0.0
6,45,32,10,0.0,0.0
6,46,32,10,0.0,0.0
6,47,32,10,0.0,0.0
6,48,32,10,0.0,0.0
6,49,32,10,0.0,0.0
6,50,32,10,0.0,0.0
6,51,32,10,0.0,0.0
6,52,32,10,0.0,0.0
6,53,32,10,0.0,0.0
6,54,32,10,0.0,0.0
6,55,32,10,0.0,0.0
6,56,32,10,0.0,0.0
6,57,32,10,0.0,0.0
6,58,32,10,0.0,0.0
6,59,32,10,0.0,0.0
6,60,32,10,0.0,0.0
6,61,32,10,0.0,0.0
6,62,32,10,0.0,0.0
6,63,32,10,0.0,0.0
6,64,32,10,0.0,0.0
6,65,32,10,0.0,0.0
6,66,32,10,0.0,0.0
6,67,32,10,0.0,0.0
6,68,32,10,0.0,0.0
6,69,32,10,0.0,0.0
6,30,32,20,0.0,0.0
6,31,32,20,0.0,0.0
6,32,32,20,0.0,0.0
6,33,32,20,0.0,0.0
6,34,32,20,0.0,0.0
6,35,32,20,0.0,0.0
6,36,32,20,0.0,0.0
6,37,32,20,0.0,0.0
6,38,32,20,0.0,0.0
6,39,32,20,0.0,0.0
6,40,32,20,0.0,0.0
6,41,32,20,0.0,0.0
6,42,32,20,0.0,0.0
6,43,32,20,0.0,0.0
6,44,32,20,0.0,0.0
6,45,32,20,0.0,0.0
6,46,32,20,0.0,0.0
6,47,32,20,0.0,0.0
6,48,32,20,0.0,0.0
6,49,32,20,0.0,0.0
6,50,32,20,0.0,0.0
6,51,32,20,0.0,0.0
6,52,32,20,0.0,0.0
6,53,32,20,0.0,0.0
6,54,32,20,0.0,0.0
6,55,32,20,0.0,0.0
6,56,32,20,0.0,0.0
6,57,32,20,0.0,0.0
6,58,32,20,0.0,0.0
6,59,32,20,0.0,0.0
6,60,32,20,0.0,0.0
6,61,32,20,0.0,0.0
6,62,32,20,0.0,0.0
6,63,32,20,0.0,0.0
6,64,32,20,0.0,0.0
6,65,32,20,0.0,0.0
6,66,32,20,0.0,0.0
6,67,32,20,0.0,0.0
6,68,32,20,0.0,0.0
6,69,32,20,0.0,0.0
6,30,32,30,0.0,0.0
6,31,32,30,0.0,0.0
6,32,32,30,0.0,0.0
6,33,32,30,0.0,0.0
6,34,32,30,0.0,0.0
6,35,32,30,0.0,0.0
6,36,32,30,0.0,0.0
6,37,32,30,0.0,0.0
6,38,32,30,0.0,0.0
6,39,32,30,0.0,0.0
6,40,32,30,0.0,0.0
6,41,32,30,0.0,0.0
6,42,32,30,0.0,0.0
6,43,32,30,0.0,0.0
6,44,32,30,0.0,0.0
6,45,32,30,0.0,0.0
6,46,32,30,0.0,0.0
6,47,32,30,0.0,0.0
6,48,32,30,0.0,0.0
6,49,32,30,0.0,0.0
6,50,32,30,0.0,0.0
6,51,32,30,0.0,0.0
6,52,32,30,0.0,0.0
6,53,32,30,0.0,0.0
6,54,32,30,0.0,0.0
6,55,32,30,0.0,0.0
6,56,32,30,0.0,0.0
6,57,32,30,0.0,0.0
6,58,32,30,0.0,0.0
6,59,32,30,0.0,0.0
6,60,32,30,0.0,0.0
6,61,32,30,0.0,0.0
6,62,32,30,0.0,0.0
6,63,32,30,0.0,0.0
6,64,32,30,0.0,0.0
6,65,32,30,0.0,0.0
6,66,32,30,0.0,0.0
6,67,32,30,0.0,0.0
6,68,32,30,0.0,0.0
6,69,32,30,0.0,0.0
6,30,32,40,0.0,0.0
6,31,32,40,0.0,0.0
6,32,32,40,0.0,0.0
6,33,32,40,0.0,0.0
6,34,32,40,0.0,0.0
6,35,32,40,0.0,0.0
6,36,32,40,0.0,0.0
6,37,32,40,0.0,0.0
6,38,32,40,0.0,0.0
6,39,32,40,0.0,0.0
6,40,32,40,0.0,0.0
6,41,32,40,0.0,0.0
6,42,32,40,0.0,0.0
6,43,32,40,0.0,0.0
6,44,32,40,0.0,0.0
6,45,32,40,0.0,0.0
6,46,32,40,0.0,0.0
6,47,32,40,0.0,0.0
6,48,32,40,0.0,0.0
6,49,32,40,0.0,0.0
6,50,32,40,0.0,0.0
6,51,32,40,0.0,0.0
6,52,32,40,0.0,0.0
6,53,32,40,0.0,0.0
6,54,32,40,0.0,0.0
6,55,32,40,0.0,0.0
6,56,32,40,0.0,0.0
6,57,32,40,0.0,0.0
6,58,32,40,0.0,0.0
6,59,32,40,0.0,0.0
6,60,32,40,0.0,0.0
6,61,32,40,0.0,0.0
6,62,32,40,0.0,0.0
6,63,32,40,0.0,0.0
6,64,32,40,0.0,0.0
6,65,32,40,0.0,0.0
6,66,32,40,0.0,0.0
6,67,32,40,0.0,0.0
6,68,32,40,0.0,0.0
6,69,32,40,0.0,0.0
6,30,32,50,0.0,0.0
6,31,32,50,0.0,0.0
6,32,32,50,0.0,0.0
6,33,32,50,0.0,0.0
6,34,32,50,0.0,0.0
6,35,32,50,0.0,0.0
6,36,32,50,0.0,0.0
6,37,32,50,0.0,0.0
6,38,32,50,0.0,0.0
6,39,32,50,0.0,0.0
6,40,32,50,0.0,0.0
6,41,32,50,0.0,0.0
6,42,32,50,0.0,0.0
6,43,32,50,0.0,0.0
6,44,32,50,0.0,0.0
6,45,32,50,0.0,0.0
6,46,32,50,0.0,0.0
6,47,32,50,0.0,0.0
6,48,32,50,0.0,0.0
6,49,32,50,0.0,0.0
6,50,32,50,0.0,0.0
6,51,32,50,0.0,0.0
6,52,32,50,0.0,0.0
6,53,32,50,0.0,0.0
6,54,32,50,0.0,0.0
6,55,32,50,0.0,0.0
6,56,32,50,0.0,0.0
6,57,32,50,0.0,0.0
6,58,32,50,0.0,0.0
6,59,32,50,0.0,0.0
6,60,32,50,0.0,0.0
6,61,32,50,0.0,0.0
6,62,32,50,0.0,0.0
6,63,32,50,0.0,0.0
6,64,32,50,0.0,0.0
6,65,32,50,0.0,0.0
6,66,32,50,0.0,0.0
6,67,32,50,0.0,0.0
6,68,32,50,0.0,0.0
6,69,32,50,0.0,0.0
